Trafikkregistreringspunkt,Navn,Vegreferanse,Fra,Til,Dato,Felt,Volum,Dekningsgrad (%),Antall timer total,Antall timer inkludert,Antall timer ugyldig,Ikke gyldig lengde,Lengdekvalitetsgrad (%),"< 5,6m",">= 5,6m","5,6m - 7,6m","7,6m - 12,5m","12,5m - 16,0m",">= 16,0m","16,0m - 24,0m",">= 24,0m"
52688V625649,E6 Lodalen Helsfyr mot Sentrum,EV6 HP 51 Meter 4018,2019-01-01T00:00+01:00,2019-01-02T00:00+01:00,2019-01-01,1,8317,"100,0",24,24,0,26,"99,69",8057,234,202,22,7,3,3,0
52688V625649,E6 Lodalen Helsfyr mot Sentrum,EV6 HP 51 Meter 4018,2019-01-01T00:00+01:00,2019-01-02T00:00+01:00,2019-01-01,2,3097,"100,0",24,24,0,1,"99,97",3054,42,25,13,4,0,0,0
52688V625649,E6 Lodalen Helsfyr mot Sentrum,EV6 HP 51 Meter 4018,2019-01-01T00:00+01:00,2019-01-02T00:00+01:00,2019-01-01,3,9664,"100,0",24,24,0,3,"99,97",9051,610,100,195,196,119,118,1
52688V625649,E6 Lodalen Helsfyr mot Sentrum,EV6 HP 51 Meter 4018,2019-01-01T00:00+01:00,2019-01-02T00:00+01:00,2019-01-01,4,10171,"100,0",24,24,0,1,"99,99",9553,617,134,185,148,150,145,5
52688V625649,E6 Lodalen Helsfyr mot Sentrum,EV6 HP 51 Meter 4018,2019-01-01T00:00+01:00,2019-01-02T00:00+01:00,2019-01-01,Totalt i retning Helsfyr,13269,"100,0",24,24,0,3,"99,98",12607,659,159,198,152,150,145,5
52688V625649,E6 Lodalen Helsfyr mot Sentrum,EV6 HP 51 Meter 4018,2019-01-01T00:00+01:00,2019-01-02T00:00+01:00,2019-01-01,Totalt i retning Sentrum,17980,"100,0",24,24,0,28,"99,84",17108,844,302,217,203,122,121,1
52688V625649,E6 Lodalen Helsfyr mot Sentrum,EV6 HP 51 Meter 4018,2019-01-01T00:00+01:00,2019-01-02T00:00+01:00,2019-01-01,Totalt,31249,"100,0",24,24,0,31,"99,90",29715,1503,461,415,355,272,266,6
52688V625649,E6 Lodalen Helsfyr mot Sentrum,EV6 HP 51 Meter 4018,2019-01-02T00:00+01:00,2019-01-03T00:00+01:00,2019-01-02,1,13123,"100,0",24,24,0,31,"99,76",12278,814,625,156,21,12,12,0
52688V625649,E6 Lodalen Helsfyr mot Sentrum,EV6 HP 51 Meter 4018,2019-01-02T00:00+01:00,2019-01-03T00:00+01:00,2019-01-02,2,9252,"100,0",24,24,0,0,"100,00",8837,415,276,62,26,51,48,3
52688V625649,E6 Lodalen Helsfyr mot Sentrum,EV6 HP 51 Meter 4018,2019-01-02T00:00+01:00,2019-01-03T00:00+01:00,2019-01-02,3,13882,"100,0",24,24,0,10,"99,93",10733,3139,694,1058,760,627,618,9
52688V625649,E6 Lodalen Helsfyr mot Sentrum,EV6 HP 51 Meter 4018,2019-01-02T00:00+01:00,2019-01-03T00:00+01:00,2019-01-02,4,16086,"100,0",24,24,0,0,"100,00",12625,3461,737,1202,484,1038,1020,18
52688V625649,E6 Lodalen Helsfyr mot Sentrum,EV6 HP 51 Meter 4018,2019-01-02T00:00+01:00,2019-01-03T00:00+01:00,2019-01-02,Totalt i retning Helsfyr,24565,"100,0",24,24,0,0,"100,00",20808,3757,987,1236,494,1040,1022,18
52688V625649,E6 Lodalen Helsfyr mot Sentrum,EV6 HP 51 Meter 4018,2019-01-02T00:00+01:00,2019-01-03T00:00+01:00,2019-01-02,Totalt i retning Sentrum,27778,"100,0",24,24,0,41,"99,85",23665,4072,1345,1242,797,688,676,12
52688V625649,E6 Lodalen Helsfyr mot Sentrum,EV6 HP 51 Meter 4018,2019-01-02T00:00+01:00,2019-01-03T00:00+01:00,2019-01-02,Totalt,52343,"100,0",24,24,0,41,"99,92",44473,7829,2332,2478,1291,1728,1698,30
52688V625649,E6 Lodalen Helsfyr mot Sentrum,EV6 HP 51 Meter 4018,2019-01-03T00:00+01:00,2019-01-04T00:00+01:00,2019-01-03,1,14389,"99,9",24,24,0,30,"99,79",13219,1140,908,199,26,7,7,0
52688V625649,E6 Lodalen Helsfyr mot Sentrum,EV6 HP 51 Meter 4018,2019-01-03T00:00+01:00,2019-01-04T00:00+01:00,2019-01-03,2,11720,"99,9",24,24,0,1,"99,99",11007,712,408,139,53,112,105,7
52688V625649,E6 Lodalen Helsfyr mot Sentrum,EV6 HP 51 Meter 4018,2019-01-03T00:00+01:00,2019-01-04T00:00+01:00,2019-01-03,3,13799,"99,9",24,24,0,11,"99,92",10372,3416,760,1122,838,696,688,8
52688V625649,E6 Lodalen Helsfyr mot Sentrum,EV6 HP 51 Meter 4018,2019-01-03T00:00+01:00,2019-01-04T00:00+01:00,2019-01-03,4,17170,"99,9",24,24,0,0,"100,00",13016,4154,885,1421,539,1309,1276,33
52688V625649,E6 Lodalen Helsfyr mot Sentrum,EV6 HP 51 Meter 4018,2019-01-03T00:00+01:00,2019-01-04T00:00+01:00,2019-01-03,Totalt i retning Helsfyr,27407,"99,9",24,24,0,2,"99,99",22861,4544,1224,1459,549,1312,1279,33
52688V625649,E6 Lodalen Helsfyr mot Sentrum,EV6 HP 51 Meter 4018,2019-01-03T00:00+01:00,2019-01-04T00:00+01:00,2019-01-03,Totalt i retning Sentrum,29671,"99,9",24,24,0,40,"99,87",24753,4878,1737,1422,907,812,797,15
52688V625649,E6 Lodalen Helsfyr mot Sentrum,EV6 HP 51 Meter 4018,2019-01-03T00:00+01:00,2019-01-04T00:00+01:00,2019-01-03,Totalt,57078,"99,9",24,24,0,42,"99,93",47614,9422,2961,2881,1456,2124,2076,48
52688V625649,E6 Lodalen Helsfyr mot Sentrum,EV6 HP 51 Meter 4018,2019-01-04T00:00+01:00,2019-01-05T00:00+01:00,2019-01-04,1,14505,"100,0",24,24,0,29,"99,80",13122,1354,1072,235,34,13,13,0
52688V625649,E6 Lodalen Helsfyr mot Sentrum,EV6 HP 51 Meter 4018,2019-01-04T00:00+01:00,2019-01-05T00:00+01:00,2019-01-04,2,11952,"100,0",24,24,0,0,"100,00",11316,636,375,133,36,92,86,6
52688V625649,E6 Lodalen Helsfyr mot Sentrum,EV6 HP 51 Meter 4018,2019-01-04T00:00+01:00,2019-01-05T00:00+01:00,2019-01-04,3,13325,"100,0",24,24,0,12,"99,91",10206,3107,708,1117,720,562,555,7
52688V625649,E6 Lodalen Helsfyr mot Sentrum,EV6 HP 51 Meter 4018,2019-01-04T00:00+01:00,2019-01-05T00:00+01:00,2019-01-04,4,16868,"100,0",24,24,0,2,"99,99",13047,3819,854,1381,460,1124,1096,28
52688V625649,E6 Lodalen Helsfyr mot Sentrum,EV6 HP 51 Meter 4018,2019-01-04T00:00+01:00,2019-01-05T00:00+01:00,2019-01-04,Totalt i retning Helsfyr,27274,"100,0",24,24,0,3,"99,99",23073,4198,1167,1440,465,1126,1098,28
52688V625649,E6 Lodalen Helsfyr mot Sentrum,EV6 HP 51 Meter 4018,2019-01-04T00:00+01:00,2019-01-05T00:00+01:00,2019-01-04,Totalt i retning Sentrum,29376,"100,0",24,24,0,40,"99,86",24618,4718,1842,1426,785,665,652,13
52688V625649,E6 Lodalen Helsfyr mot Sentrum,EV6 HP 51 Meter 4018,2019-01-04T00:00+01:00,2019-01-05T00:00+01:00,2019-01-04,Totalt,56650,"100,0",24,24,0,43,"99,92",47691,8916,3009,2866,1250,1791,1750,41
52688V625649,E6 Lodalen Helsfyr mot Sentrum,EV6 HP 51 Meter 4018,2019-01-05T00:00+01:00,2019-01-06T00:00+01:00,2019-01-05,1,6156,"100,0",24,24,0,52,"99,16",5484,620,533,78,5,4,4,0
52688V625649,E6 Lodalen Helsfyr mot Sentrum,EV6 HP 51 Meter 4018,2019-01-05T00:00+01:00,2019-01-06T00:00+01:00,2019-01-05,2,6647,"100,0",24,24,0,0,"100,00",6312,335,136,87,47,65,63,2
52688V625649,E6 Lodalen Helsfyr mot Sentrum,EV6 HP 51 Meter 4018,2019-01-05T00:00+01:00,2019-01-06T00:00+01:00,2019-01-05,3,8393,"100,0",24,24,0,4,"99,95",7731,658,151,273,143,91,90,1
52688V625649,E6 Lodalen Helsfyr mot Sentrum,EV6 HP 51 Meter 4018,2019-01-05T00:00+01:00,2019-01-06T00:00+01:00,2019-01-05,4,12018,"100,0",24,24,0,0,"100,00",10967,1051,243,396,163,249,239,10
52688V625649,E6 Lodalen Helsfyr mot Sentrum,EV6 HP 51 Meter 4018,2019-01-05T00:00+01:00,2019-01-06T00:00+01:00,2019-01-05,Totalt i retning Helsfyr,15570,"100,0",24,24,0,0,"100,00",14444,1126,294,417,166,249,239,10
52688V625649,E6 Lodalen Helsfyr mot Sentrum,EV6 HP 51 Meter 4018,2019-01-05T00:00+01:00,2019-01-06T00:00+01:00,2019-01-05,Totalt i retning Sentrum,17644,"100,0",24,24,0,56,"99,68",16050,1538,769,417,192,160,157,3
52688V625649,E6 Lodalen Helsfyr mot Sentrum,EV6 HP 51 Meter 4018,2019-01-05T00:00+01:00,2019-01-06T00:00+01:00,2019-01-05,Totalt,33214,"100,0",24,24,0,56,"99,83",30494,2664,1063,834,358,409,396,13
52688V625649,E6 Lodalen Helsfyr mot Sentrum,EV6 HP 51 Meter 4018,2019-01-06T00:00+01:00,2019-01-07T00:00+01:00,2019-01-06,1,5533,"100,0",24,24,0,125,"97,74",4684,724,621,89,10,4,4,0
52688V625649,E6 Lodalen Helsfyr mot Sentrum,EV6 HP 51 Meter 4018,2019-01-06T00:00+01:00,2019-01-07T00:00+01:00,2019-01-06,2,5180,"100,0",24,24,0,2,"99,96",4937,241,81,50,68,42,42,0
52688V625649,E6 Lodalen Helsfyr mot Sentrum,EV6 HP 51 Meter 4018,2019-01-06T00:00+01:00,2019-01-07T00:00+01:00,2019-01-06,3,8608,"100,0",24,24,0,6,"99,93",7942,660,118,217,202,123,122,1
52688V625649,E6 Lodalen Helsfyr mot Sentrum,EV6 HP 51 Meter 4018,2019-01-06T00:00+01:00,2019-01-07T00:00+01:00,2019-01-06,4,11575,"100,0",24,24,0,3,"99,97",10655,917,182,298,174,263,252,11
52688V625649,E6 Lodalen Helsfyr mot Sentrum,EV6 HP 51 Meter 4018,2019-01-06T00:00+01:00,2019-01-07T00:00+01:00,2019-01-06,Totalt i retning Helsfyr,14946,"100,0",24,24,0,6,"99,96",13965,975,222,313,177,263,252,11
52688V625649,E6 Lodalen Helsfyr mot Sentrum,EV6 HP 51 Meter 4018,2019-01-06T00:00+01:00,2019-01-07T00:00+01:00,2019-01-06,Totalt i retning Sentrum,15950,"100,0",24,24,0,130,"99,18",14253,1567,780,341,277,169,168,1
52688V625649,E6 Lodalen Helsfyr mot Sentrum,EV6 HP 51 Meter 4018,2019-01-06T00:00+01:00,2019-01-07T00:00+01:00,2019-01-06,Totalt,30896,"100,0",24,24,0,136,"99,56",28218,2542,1002,654,454,432,420,12
52688V625649,E6 Lodalen Helsfyr mot Sentrum,EV6 HP 51 Meter 4018,2019-01-07T00:00+01:00,2019-01-08T00:00+01:00,2019-01-07,1,15982,"100,0",24,24,0,73,"99,54",13581,2328,1922,348,36,22,22,0
52688V625649,E6 Lodalen Helsfyr mot Sentrum,EV6 HP 51 Meter 4018,2019-01-07T00:00+01:00,2019-01-08T00:00+01:00,2019-01-07,2,12539,"100,0",24,24,0,0,"100,00",11955,584,402,99,33,50,47,3
52688V625649,E6 Lodalen Helsfyr mot Sentrum,EV6 HP 51 Meter 4018,2019-01-07T00:00+01:00,2019-01-08T00:00+01:00,2019-01-07,3,13518,"100,0",24,24,0,9,"99,93",9865,3644,815,1198,869,762,750,12
52688V625649,E6 Lodalen Helsfyr mot Sentrum,EV6 HP 51 Meter 4018,2019-01-07T00:00+01:00,2019-01-08T00:00+01:00,2019-01-07,4,17489,"100,0",24,24,0,3,"99,98",13197,4289,924,1501,545,1319,1295,24
52688V625649,E6 Lodalen Helsfyr mot Sentrum,EV6 HP 51 Meter 4018,2019-01-07T00:00+01:00,2019-01-08T00:00+01:00,2019-01-07,Totalt i retning Helsfyr,29220,"100,0",24,24,0,3,"99,99",24482,4735,1299,1561,555,1320,1296,24
52688V625649,E6 Lodalen Helsfyr mot Sentrum,EV6 HP 51 Meter 4018,2019-01-07T00:00+01:00,2019-01-08T00:00+01:00,2019-01-07,Totalt i retning Sentrum,30308,"100,0",24,24,0,82,"99,73",24116,6110,2764,1585,928,833,818,15
52688V625649,E6 Lodalen Helsfyr mot Sentrum,EV6 HP 51 Meter 4018,2019-01-07T00:00+01:00,2019-01-08T00:00+01:00,2019-01-07,Totalt,59528,"100,0",24,24,0,85,"99,86",48598,10845,4063,3146,1483,2153,2114,39
52688V625649,E6 Lodalen Helsfyr mot Sentrum,EV6 HP 51 Meter 4018,2019-01-08T00:00+01:00,2019-01-09T00:00+01:00,2019-01-08,1,15224,"100,0",24,24,0,573,"96,24",10950,3701,3002,616,52,31,31,0
52688V625649,E6 Lodalen Helsfyr mot Sentrum,EV6 HP 51 Meter 4018,2019-01-08T00:00+01:00,2019-01-09T00:00+01:00,2019-01-08,2,13277,"100,0",24,24,0,0,"100,00",12454,823,481,155,61,126,121,5
52688V625649,E6 Lodalen Helsfyr mot Sentrum,EV6 HP 51 Meter 4018,2019-01-08T00:00+01:00,2019-01-09T00:00+01:00,2019-01-08,3,13742,"100,0",24,24,0,22,"99,84",9976,3744,821,1213,995,715,713,2
52688V625649,E6 Lodalen Helsfyr mot Sentrum,EV6 HP 51 Meter 4018,2019-01-08T00:00+01:00,2019-01-09T00:00+01:00,2019-01-08,4,17814,"100,0",24,24,0,0,"100,00",13141,4673,941,1578,673,1481,1454,27
52688V625649,E6 Lodalen Helsfyr mot Sentrum,EV6 HP 51 Meter 4018,2019-01-08T00:00+01:00,2019-01-09T00:00+01:00,2019-01-08,Totalt i retning Helsfyr,29639,"100,0",24,24,0,1,"100,00",24506,5132,1333,1624,690,1485,1458,27
52688V625649,E6 Lodalen Helsfyr mot Sentrum,EV6 HP 51 Meter 4018,2019-01-08T00:00+01:00,2019-01-09T00:00+01:00,2019-01-08,Totalt i retning Sentrum,30418,"100,0",24,24,0,594,"98,05",22015,7809,3912,1938,1091,868,861,7
52688V625649,E6 Lodalen Helsfyr mot Sentrum,EV6 HP 51 Meter 4018,2019-01-08T00:00+01:00,2019-01-09T00:00+01:00,2019-01-08,Totalt,60057,"100,0",24,24,0,595,"99,01",46521,12941,5245,3562,1781,2353,2319,34
52688V625649,E6 Lodalen Helsfyr mot Sentrum,EV6 HP 51 Meter 4018,2019-01-09T00:00+01:00,2019-01-10T00:00+01:00,2019-01-09,1,10906,"100,0",24,24,0,5510,"49,48",2481,2915,769,1036,415,695,551,144
52688V625649,E6 Lodalen Helsfyr mot Sentrum,EV6 HP 51 Meter 4018,2019-01-09T00:00+01:00,2019-01-10T00:00+01:00,2019-01-09,2,13751,"100,0",24,24,0,102,"99,26",12820,829,488,156,58,127,117,10
52688V625649,E6 Lodalen Helsfyr mot Sentrum,EV6 HP 51 Meter 4018,2019-01-09T00:00+01:00,2019-01-10T00:00+01:00,2019-01-09,3,14009,"100,0",24,24,0,12,"99,91",10267,3730,830,1168,964,768,758,10
52688V625649,E6 Lodalen Helsfyr mot Sentrum,EV6 HP 51 Meter 4018,2019-01-09T00:00+01:00,2019-01-10T00:00+01:00,2019-01-09,4,17816,"100,0",24,24,0,44,"99,75",13235,4537,957,1546,606,1428,1392,36
52688V625649,E6 Lodalen Helsfyr mot Sentrum,EV6 HP 51 Meter 4018,2019-01-09T00:00+01:00,2019-01-10T00:00+01:00,2019-01-09,Totalt i retning Helsfyr,30323,"100,0",24,24,0,177,"99,42",25110,5036,1375,1605,624,1432,1396,36
52688V625649,E6 Lodalen Helsfyr mot Sentrum,EV6 HP 51 Meter 4018,2019-01-09T00:00+01:00,2019-01-10T00:00+01:00,2019-01-09,Totalt i retning Sentrum,26159,"100,0",24,24,0,5491,"79,01",13693,6975,1669,2301,1419,1586,1422,164
52688V625649,E6 Lodalen Helsfyr mot Sentrum,EV6 HP 51 Meter 4018,2019-01-09T00:00+01:00,2019-01-10T00:00+01:00,2019-01-09,Totalt,56482,"100,0",24,24,0,5668,"89,96",38803,12011,3044,3906,2043,3018,2818,200
52688V625649,E6 Lodalen Helsfyr mot Sentrum,EV6 HP 51 Meter 4018,2019-01-10T00:00+01:00,2019-01-11T00:00+01:00,2019-01-10,1,12974,"100,0",24,24,0,5358,"58,70",4645,2971,1272,944,275,480,388,92
52688V625649,E6 Lodalen Helsfyr mot Sentrum,EV6 HP 51 Meter 4018,2019-01-10T00:00+01:00,2019-01-11T00:00+01:00,2019-01-10,2,14306,"100,0",24,24,0,0,"100,00",13407,899,527,177,61,134,126,8
52688V625649,E6 Lodalen Helsfyr mot Sentrum,EV6 HP 51 Meter 4018,2019-01-10T00:00+01:00,2019-01-11T00:00+01:00,2019-01-10,3,13943,"100,0",24,24,0,17,"99,88",10251,3675,804,1230,919,722,715,7
52688V625649,E6 Lodalen Helsfyr mot Sentrum,EV6 HP 51 Meter 4018,2019-01-10T00:00+01:00,2019-01-11T00:00+01:00,2019-01-10,4,18402,"100,0",24,24,0,3,"99,98",13883,4516,991,1635,576,1314,1288,26
52688V625649,E6 Lodalen Helsfyr mot Sentrum,EV6 HP 51 Meter 4018,2019-01-10T00:00+01:00,2019-01-11T00:00+01:00,2019-01-10,Totalt i retning Helsfyr,31174,"100,0",24,24,0,64,"99,79",26080,5030,1426,1698,590,1316,1290,26
52688V625649,E6 Lodalen Helsfyr mot Sentrum,EV6 HP 51 Meter 4018,2019-01-10T00:00+01:00,2019-01-11T00:00+01:00,2019-01-10,Totalt i retning Sentrum,28451,"100,0",24,24,0,5314,"81,32",16106,7031,2168,2288,1241,1334,1227,107
52688V625649,E6 Lodalen Helsfyr mot Sentrum,EV6 HP 51 Meter 4018,2019-01-10T00:00+01:00,2019-01-11T00:00+01:00,2019-01-10,Totalt,59625,"100,0",24,24,0,5378,"90,98",42186,12061,3594,3986,1831,2650,2517,133
52688V625649,E6 Lodalen Helsfyr mot Sentrum,EV6 HP 51 Meter 4018,2019-01-11T00:00+01:00,2019-01-12T00:00+01:00,2019-01-11,1,15611,"100,0",24,24,0,594,"96,19",11790,3227,2550,594,42,41,33,8
52688V625649,E6 Lodalen Helsfyr mot Sentrum,EV6 HP 51 Meter 4018,2019-01-11T00:00+01:00,2019-01-12T00:00+01:00,2019-01-11,2,14361,"100,0",24,24,0,58,"99,60",13462,841,504,154,56,127,116,11
52688V625649,E6 Lodalen Helsfyr mot Sentrum,EV6 HP 51 Meter 4018,2019-01-11T00:00+01:00,2019-01-12T00:00+01:00,2019-01-11,3,14014,"100,0",24,24,0,10,"99,93",10808,3196,773,1065,779,579,572,7
52688V625649,E6 Lodalen Helsfyr mot Sentrum,EV6 HP 51 Meter 4018,2019-01-11T00:00+01:00,2019-01-12T00:00+01:00,2019-01-11,4,17796,"100,0",24,24,0,32,"99,82",13915,3849,822,1362,503,1162,1135,27
52688V625649,E6 Lodalen Helsfyr mot Sentrum,EV6 HP 51 Meter 4018,2019-01-11T00:00+01:00,2019-01-12T00:00+01:00,2019-01-11,Totalt i retning Helsfyr,30349,"100,0",24,24,0,89,"99,71",25898,4362,1236,1429,521,1176,1147,29
52688V625649,E6 Lodalen Helsfyr mot Sentrum,EV6 HP 51 Meter 4018,2019-01-11T00:00+01:00,2019-01-12T00:00+01:00,2019-01-11,Totalt i retning Sentrum,31433,"100,0",24,24,0,605,"98,08",24077,6751,3413,1746,859,733,709,24
52688V625649,E6 Lodalen Helsfyr mot Sentrum,EV6 HP 51 Meter 4018,2019-01-11T00:00+01:00,2019-01-12T00:00+01:00,2019-01-11,Totalt,61782,"100,0",24,24,0,694,"98,88",49975,11113,4649,3175,1380,1909,1856,53
52688V625649,E6 Lodalen Helsfyr mot Sentrum,EV6 HP 51 Meter 4018,2019-01-12T00:00+01:00,2019-01-13T00:00+01:00,2019-01-12,1,5294,"100,0",24,24,0,497,"90,61",3779,1018,857,133,12,16,11,5
52688V625649,E6 Lodalen Helsfyr mot Sentrum,EV6 HP 51 Meter 4018,2019-01-12T00:00+01:00,2019-01-13T00:00+01:00,2019-01-12,2,7606,"100,0",24,24,0,10,"99,87",7231,365,152,85,59,69,68,1
52688V625649,E6 Lodalen Helsfyr mot Sentrum,EV6 HP 51 Meter 4018,2019-01-12T00:00+01:00,2019-01-13T00:00+01:00,2019-01-12,3,8632,"100,0",24,24,0,5,"99,94",8016,611,151,248,133,79,79,0
52688V625649,E6 Lodalen Helsfyr mot Sentrum,EV6 HP 51 Meter 4018,2019-01-12T00:00+01:00,2019-01-13T00:00+01:00,2019-01-12,4,13095,"100,0",24,24,0,3,"99,98",12017,1075,277,401,166,231,219,12
52688V625649,E6 Lodalen Helsfyr mot Sentrum,EV6 HP 51 Meter 4018,2019-01-12T00:00+01:00,2019-01-13T00:00+01:00,2019-01-12,Totalt i retning Helsfyr,17278,"100,0",24,24,0,5,"99,97",16116,1157,342,411,172,232,220,12
52688V625649,E6 Lodalen Helsfyr mot Sentrum,EV6 HP 51 Meter 4018,2019-01-12T00:00+01:00,2019-01-13T00:00+01:00,2019-01-12,Totalt i retning Sentrum,17349,"100,0",24,24,0,510,"97,06",14927,1912,1095,456,198,163,157,6
52688V625649,E6 Lodalen Helsfyr mot Sentrum,EV6 HP 51 Meter 4018,2019-01-12T00:00+01:00,2019-01-13T00:00+01:00,2019-01-12,Totalt,34627,"100,0",24,24,0,515,"98,51",31043,3069,1437,867,370,395,377,18
52688V625649,E6 Lodalen Helsfyr mot Sentrum,EV6 HP 51 Meter 4018,2019-01-13T00:00+01:00,2019-01-14T00:00+01:00,2019-01-13,1,6861,"100,0",24,24,0,29,"99,58",6221,611,541,56,8,6,6,0
52688V625649,E6 Lodalen Helsfyr mot Sentrum,EV6 HP 51 Meter 4018,2019-01-13T00:00+01:00,2019-01-14T00:00+01:00,2019-01-13,2,5565,"100,0",24,24,0,3,"99,95",5354,208,87,36,53,32,32,0
52688V625649,E6 Lodalen Helsfyr mot Sentrum,EV6 HP 51 Meter 4018,2019-01-13T00:00+01:00,2019-01-14T00:00+01:00,2019-01-13,3,9126,"100,0",24,24,0,3,"99,97",8470,653,121,214,211,107,106,1
52688V625649,E6 Lodalen Helsfyr mot Sentrum,EV6 HP 51 Meter 4018,2019-01-13T00:00+01:00,2019-01-14T00:00+01:00,2019-01-13,4,11232,"100,0",24,24,0,1,"99,99",10435,796,184,263,151,198,195,3
52688V625649,E6 Lodalen Helsfyr mot Sentrum,EV6 HP 51 Meter 4018,2019-01-13T00:00+01:00,2019-01-14T00:00+01:00,2019-01-13,Totalt i retning Helsfyr,14974,"100,0",24,24,0,4,"99,97",14107,863,229,278,158,198,195,3
52688V625649,E6 Lodalen Helsfyr mot Sentrum,EV6 HP 51 Meter 4018,2019-01-13T00:00+01:00,2019-01-14T00:00+01:00,2019-01-13,Totalt i retning Sentrum,17810,"100,0",24,24,0,32,"99,82",16373,1405,704,291,265,145,144,1
52688V625649,E6 Lodalen Helsfyr mot Sentrum,EV6 HP 51 Meter 4018,2019-01-13T00:00+01:00,2019-01-14T00:00+01:00,2019-01-13,Totalt,32784,"100,0",24,24,0,36,"99,89",30480,2268,933,569,423,343,339,4
52688V625649,E6 Lodalen Helsfyr mot Sentrum,EV6 HP 51 Meter 4018,2019-01-14T00:00+01:00,2019-01-15T00:00+01:00,2019-01-14,1,17234,"100,0",24,24,0,56,"99,68",15034,2144,1776,314,40,14,14,0
52688V625649,E6 Lodalen Helsfyr mot Sentrum,EV6 HP 51 Meter 4018,2019-01-14T00:00+01:00,2019-01-15T00:00+01:00,2019-01-14,2,12802,"100,0",24,24,0,1,"99,99",12214,587,418,89,32,48,48,0
52688V625649,E6 Lodalen Helsfyr mot Sentrum,EV6 HP 51 Meter 4018,2019-01-14T00:00+01:00,2019-01-15T00:00+01:00,2019-01-14,3,14474,"100,0",24,24,0,15,"99,90",10575,3884,849,1270,935,830,820,10
52688V625649,E6 Lodalen Helsfyr mot Sentrum,EV6 HP 51 Meter 4018,2019-01-14T00:00+01:00,2019-01-15T00:00+01:00,2019-01-14,4,17494,"100,0",24,24,0,1,"99,99",13210,4283,970,1473,574,1266,1249,17
52688V625649,E6 Lodalen Helsfyr mot Sentrum,EV6 HP 51 Meter 4018,2019-01-14T00:00+01:00,2019-01-15T00:00+01:00,2019-01-14,Totalt i retning Helsfyr,29500,"100,0",24,24,0,3,"99,99",24757,4740,1365,1520,587,1268,1251,17
52688V625649,E6 Lodalen Helsfyr mot Sentrum,EV6 HP 51 Meter 4018,2019-01-14T00:00+01:00,2019-01-15T00:00+01:00,2019-01-14,Totalt i retning Sentrum,32504,"100,0",24,24,0,70,"99,78",26276,6158,2648,1626,994,890,880,10
52688V625649,E6 Lodalen Helsfyr mot Sentrum,EV6 HP 51 Meter 4018,2019-01-14T00:00+01:00,2019-01-15T00:00+01:00,2019-01-14,Totalt,62004,"100,0",24,24,0,73,"99,88",51033,10898,4013,3146,1581,2158,2131,27
52688V625649,E6 Lodalen Helsfyr mot Sentrum,EV6 HP 51 Meter 4018,2019-01-15T00:00+01:00,2019-01-16T00:00+01:00,2019-01-15,1,17172,"100,0",24,24,0,68,"99,60",14583,2521,2058,394,46,23,22,1
52688V625649,E6 Lodalen Helsfyr mot Sentrum,EV6 HP 51 Meter 4018,2019-01-15T00:00+01:00,2019-01-16T00:00+01:00,2019-01-15,2,14096,"100,0",24,24,0,51,"99,64",13169,876,509,167,72,128,124,4
52688V625649,E6 Lodalen Helsfyr mot Sentrum,EV6 HP 51 Meter 4018,2019-01-15T00:00+01:00,2019-01-16T00:00+01:00,2019-01-15,3,13956,"100,0",24,24,0,10,"99,93",10078,3868,796,1261,997,814,806,8
52688V625649,E6 Lodalen Helsfyr mot Sentrum,EV6 HP 51 Meter 4018,2019-01-15T00:00+01:00,2019-01-16T00:00+01:00,2019-01-15,4,17591,"100,0",24,24,0,62,"99,65",12904,4625,918,1555,603,1549,1513,36
52688V625649,E6 Lodalen Helsfyr mot Sentrum,EV6 HP 51 Meter 4018,2019-01-15T00:00+01:00,2019-01-16T00:00+01:00,2019-01-15,Totalt i retning Helsfyr,30229,"100,0",24,24,0,111,"99,63",24979,5139,1352,1606,624,1557,1520,37
52688V625649,E6 Lodalen Helsfyr mot Sentrum,EV6 HP 51 Meter 4018,2019-01-15T00:00+01:00,2019-01-16T00:00+01:00,2019-01-15,Totalt i retning Sentrum,32586,"100,0",24,24,0,80,"99,75",25755,6751,2929,1771,1094,957,945,12
52688V625649,E6 Lodalen Helsfyr mot Sentrum,EV6 HP 51 Meter 4018,2019-01-15T00:00+01:00,2019-01-16T00:00+01:00,2019-01-15,Totalt,62815,"100,0",24,24,0,191,"99,70",50734,11890,4281,3377,1718,2514,2465,49
52688V625649,E6 Lodalen Helsfyr mot Sentrum,EV6 HP 51 Meter 4018,2019-01-16T00:00+01:00,2019-01-17T00:00+01:00,2019-01-16,1,16742,"100,0",24,24,0,27,"99,84",14545,2170,1752,323,71,24,24,0
52688V625649,E6 Lodalen Helsfyr mot Sentrum,EV6 HP 51 Meter 4018,2019-01-16T00:00+01:00,2019-01-17T00:00+01:00,2019-01-16,2,13416,"100,0",24,24,0,0,"100,00",12528,888,529,160,68,131,124,7
52688V625649,E6 Lodalen Helsfyr mot Sentrum,EV6 HP 51 Meter 4018,2019-01-16T00:00+01:00,2019-01-17T00:00+01:00,2019-01-16,3,12765,"100,0",24,24,0,25,"99,80",9235,3505,748,1151,855,751,739,12
52688V625649,E6 Lodalen Helsfyr mot Sentrum,EV6 HP 51 Meter 4018,2019-01-16T00:00+01:00,2019-01-17T00:00+01:00,2019-01-16,4,17142,"100,0",24,24,0,1,"99,99",12750,4391,943,1539,571,1338,1308,30
52688V625649,E6 Lodalen Helsfyr mot Sentrum,EV6 HP 51 Meter 4018,2019-01-16T00:00+01:00,2019-01-17T00:00+01:00,2019-01-16,Totalt i retning Helsfyr,29118,"100,0",24,24,0,4,"99,99",24198,4916,1401,1589,585,1341,1311,30
52688V625649,E6 Lodalen Helsfyr mot Sentrum,EV6 HP 51 Meter 4018,2019-01-16T00:00+01:00,2019-01-17T00:00+01:00,2019-01-16,Totalt i retning Sentrum,30947,"100,0",24,24,0,49,"99,84",24860,6038,2571,1584,980,903,884,19
52688V625649,E6 Lodalen Helsfyr mot Sentrum,EV6 HP 51 Meter 4018,2019-01-16T00:00+01:00,2019-01-17T00:00+01:00,2019-01-16,Totalt,60065,"100,0",24,24,0,53,"99,91",49058,10954,3972,3173,1565,2244,2195,49
52688V625649,E6 Lodalen Helsfyr mot Sentrum,EV6 HP 51 Meter 4018,2019-01-17T00:00+01:00,2019-01-18T00:00+01:00,2019-01-17,1,17375,"100,0",24,24,0,54,"99,69",15227,2094,1678,340,51,25,25,0
52688V625649,E6 Lodalen Helsfyr mot Sentrum,EV6 HP 51 Meter 4018,2019-01-17T00:00+01:00,2019-01-18T00:00+01:00,2019-01-17,2,15317,"100,0",24,24,0,0,"100,00",14383,934,552,176,61,145,137,8
52688V625649,E6 Lodalen Helsfyr mot Sentrum,EV6 HP 51 Meter 4018,2019-01-17T00:00+01:00,2019-01-18T00:00+01:00,2019-01-17,3,14289,"100,0",24,24,0,19,"99,87",10219,4051,863,1304,990,894,882,12
52688V625649,E6 Lodalen Helsfyr mot Sentrum,EV6 HP 51 Meter 4018,2019-01-17T00:00+01:00,2019-01-18T00:00+01:00,2019-01-17,4,18500,"100,0",24,24,0,2,"99,99",13709,4789,980,1654,642,1513,1481,32
52688V625649,E6 Lodalen Helsfyr mot Sentrum,EV6 HP 51 Meter 4018,2019-01-17T00:00+01:00,2019-01-18T00:00+01:00,2019-01-17,Totalt i retning Helsfyr,32025,"100,0",24,24,0,3,"99,99",26689,5333,1450,1711,658,1514,1482,32
52688V625649,E6 Lodalen Helsfyr mot Sentrum,EV6 HP 51 Meter 4018,2019-01-17T00:00+01:00,2019-01-18T00:00+01:00,2019-01-17,Totalt i retning Sentrum,33456,"100,0",24,24,0,72,"99,78",26849,6535,2623,1763,1086,1063,1043,20
52688V625649,E6 Lodalen Helsfyr mot Sentrum,EV6 HP 51 Meter 4018,2019-01-17T00:00+01:00,2019-01-18T00:00+01:00,2019-01-17,Totalt,65481,"100,0",24,24,0,75,"99,89",53538,11868,4073,3474,1744,2577,2525,52
52688V625649,E6 Lodalen Helsfyr mot Sentrum,EV6 HP 51 Meter 4018,2019-01-18T00:00+01:00,2019-01-19T00:00+01:00,2019-01-18,1,15690,"100,0",24,24,0,45,"99,71",13902,1743,1373,299,46,25,25,0
52688V625649,E6 Lodalen Helsfyr mot Sentrum,EV6 HP 51 Meter 4018,2019-01-18T00:00+01:00,2019-01-19T00:00+01:00,2019-01-18,2,13861,"100,0",24,24,0,71,"99,49",12918,872,474,179,91,128,116,12
52688V625649,E6 Lodalen Helsfyr mot Sentrum,EV6 HP 51 Meter 4018,2019-01-18T00:00+01:00,2019-01-19T00:00+01:00,2019-01-18,3,13545,"100,0",24,24,0,21,"99,84",10234,3290,776,1138,728,648,644,4
52688V625649,E6 Lodalen Helsfyr mot Sentrum,EV6 HP 51 Meter 4018,2019-01-18T00:00+01:00,2019-01-19T00:00+01:00,2019-01-18,4,17533,"100,0",24,24,0,63,"99,64",13386,4084,936,1422,494,1232,1203,29
52688V625649,E6 Lodalen Helsfyr mot Sentrum,EV6 HP 51 Meter 4018,2019-01-18T00:00+01:00,2019-01-19T00:00+01:00,2019-01-18,Totalt i retning Helsfyr,29605,"100,0",24,24,0,134,"99,55",24885,4586,1321,1493,528,1244,1213,31
52688V625649,E6 Lodalen Helsfyr mot Sentrum,EV6 HP 51 Meter 4018,2019-01-18T00:00+01:00,2019-01-19T00:00+01:00,2019-01-18,Totalt i retning Sentrum,31024,"100,0",24,24,0,66,"99,79",25555,5403,2238,1545,831,789,775,14
52688V625649,E6 Lodalen Helsfyr mot Sentrum,EV6 HP 51 Meter 4018,2019-01-18T00:00+01:00,2019-01-19T00:00+01:00,2019-01-18,Totalt,60629,"100,0",24,24,0,200,"99,67",50440,9989,3559,3038,1359,2033,1988,45
52688V625649,E6 Lodalen Helsfyr mot Sentrum,EV6 HP 51 Meter 4018,2019-01-19T00:00+01:00,2019-01-20T00:00+01:00,2019-01-19,1,6785,"100,0",24,24,0,32,"99,53",6368,385,318,52,12,3,3,0
52688V625649,E6 Lodalen Helsfyr mot Sentrum,EV6 HP 51 Meter 4018,2019-01-19T00:00+01:00,2019-01-20T00:00+01:00,2019-01-19,2,7951,"100,0",24,24,0,0,"100,00",7590,361,151,98,55,57,56,1
52688V625649,E6 Lodalen Helsfyr mot Sentrum,EV6 HP 51 Meter 4018,2019-01-19T00:00+01:00,2019-01-20T00:00+01:00,2019-01-19,3,8979,"100,0",24,24,0,6,"99,93",8217,756,184,293,182,97,93,4
52688V625649,E6 Lodalen Helsfyr mot Sentrum,EV6 HP 51 Meter 4018,2019-01-19T00:00+01:00,2019-01-20T00:00+01:00,2019-01-19,4,13286,"100,0",24,24,0,2,"99,98",12103,1181,293,458,189,241,230,11
52688V625649,E6 Lodalen Helsfyr mot Sentrum,EV6 HP 51 Meter 4018,2019-01-19T00:00+01:00,2019-01-20T00:00+01:00,2019-01-19,Totalt i retning Helsfyr,17618,"100,0",24,24,0,2,"99,99",16348,1268,353,478,195,242,231,11
52688V625649,E6 Lodalen Helsfyr mot Sentrum,EV6 HP 51 Meter 4018,2019-01-19T00:00+01:00,2019-01-20T00:00+01:00,2019-01-19,Totalt i retning Sentrum,19383,"100,0",24,24,0,38,"99,80",17930,1415,593,423,243,156,151,5
52688V625649,E6 Lodalen Helsfyr mot Sentrum,EV6 HP 51 Meter 4018,2019-01-19T00:00+01:00,2019-01-20T00:00+01:00,2019-01-19,Totalt,37001,"100,0",24,24,0,40,"99,89",34278,2683,946,901,438,398,382,16
52688V625649,E6 Lodalen Helsfyr mot Sentrum,EV6 HP 51 Meter 4018,2019-01-20T00:00+01:00,2019-01-21T00:00+01:00,2019-01-20,1,37,"100,0",24,24,0,25,"32,43",5,7,1,1,0,5,3,2
52688V625649,E6 Lodalen Helsfyr mot Sentrum,EV6 HP 51 Meter 4018,2019-01-20T00:00+01:00,2019-01-21T00:00+01:00,2019-01-20,2,6388,"100,0",24,24,0,0,"100,00",6085,303,99,75,68,61,60,1
52688V625649,E6 Lodalen Helsfyr mot Sentrum,EV6 HP 51 Meter 4018,2019-01-20T00:00+01:00,2019-01-21T00:00+01:00,2019-01-20,3,8612,"100,0",24,24,0,8,"99,91",7980,624,116,209,174,125,124,1
52688V625649,E6 Lodalen Helsfyr mot Sentrum,EV6 HP 51 Meter 4018,2019-01-20T00:00+01:00,2019-01-21T00:00+01:00,2019-01-20,4,12106,"100,0",24,24,0,0,"100,00",11213,893,200,267,159,267,259,8
52688V625649,E6 Lodalen Helsfyr mot Sentrum,EV6 HP 51 Meter 4018,2019-01-20T00:00+01:00,2019-01-21T00:00+01:00,2019-01-20,Totalt i retning Helsfyr,15486,"100,0",24,24,0,0,"100,00",14543,943,228,283,165,267,259,8
52688V625649,E6 Lodalen Helsfyr mot Sentrum,EV6 HP 51 Meter 4018,2019-01-20T00:00+01:00,2019-01-21T00:00+01:00,2019-01-20,Totalt i retning Sentrum,11657,"100,0",24,24,0,33,"99,72",10740,884,188,269,236,191,187,4
52688V625649,E6 Lodalen Helsfyr mot Sentrum,EV6 HP 51 Meter 4018,2019-01-20T00:00+01:00,2019-01-21T00:00+01:00,2019-01-20,Totalt,27143,"100,0",24,24,0,33,"99,88",25283,1827,416,552,401,458,446,12
52688V625649,E6 Lodalen Helsfyr mot Sentrum,EV6 HP 51 Meter 4018,2019-01-21T00:00+01:00,2019-01-22T00:00+01:00,2019-01-21,1,0,"100,0",24,24,0,0,"100,00",0,0,0,0,0,0,0,0
52688V625649,E6 Lodalen Helsfyr mot Sentrum,EV6 HP 51 Meter 4018,2019-01-21T00:00+01:00,2019-01-22T00:00+01:00,2019-01-21,2,13954,"100,0",24,24,0,3,"99,98",13111,840,554,152,49,85,80,5
52688V625649,E6 Lodalen Helsfyr mot Sentrum,EV6 HP 51 Meter 4018,2019-01-21T00:00+01:00,2019-01-22T00:00+01:00,2019-01-21,3,13898,"100,0",24,24,0,19,"99,86",10061,3818,884,1236,909,789,779,10
52688V625649,E6 Lodalen Helsfyr mot Sentrum,EV6 HP 51 Meter 4018,2019-01-21T00:00+01:00,2019-01-22T00:00+01:00,2019-01-21,4,17699,"100,0",24,24,0,2,"99,99",13131,4566,1013,1557,584,1412,1388,24
52688V625649,E6 Lodalen Helsfyr mot Sentrum,EV6 HP 51 Meter 4018,2019-01-21T00:00+01:00,2019-01-22T00:00+01:00,2019-01-21,Totalt i retning Helsfyr,30326,"100,0",24,24,0,5,"99,98",25216,5105,1482,1616,591,1416,1392,24
52688V625649,E6 Lodalen Helsfyr mot Sentrum,EV6 HP 51 Meter 4018,2019-01-21T00:00+01:00,2019-01-22T00:00+01:00,2019-01-21,Totalt i retning Sentrum,15225,"100,0",24,24,0,19,"99,88",11087,4119,969,1329,951,870,855,15
52688V625649,E6 Lodalen Helsfyr mot Sentrum,EV6 HP 51 Meter 4018,2019-01-21T00:00+01:00,2019-01-22T00:00+01:00,2019-01-21,Totalt,45551,"100,0",24,24,0,24,"99,95",36303,9224,2451,2945,1542,2286,2247,39
52688V625649,E6 Lodalen Helsfyr mot Sentrum,EV6 HP 51 Meter 4018,2019-01-22T00:00+01:00,2019-01-23T00:00+01:00,2019-01-22,1,0,"100,0",24,24,0,0,"100,00",0,0,0,0,0,0,0,0
52688V625649,E6 Lodalen Helsfyr mot Sentrum,EV6 HP 51 Meter 4018,2019-01-22T00:00+01:00,2019-01-23T00:00+01:00,2019-01-22,2,14056,"100,0",24,24,0,66,"99,53",13188,802,479,160,57,106,98,8
52688V625649,E6 Lodalen Helsfyr mot Sentrum,EV6 HP 51 Meter 4018,2019-01-22T00:00+01:00,2019-01-23T00:00+01:00,2019-01-22,3,14416,"100,0",24,24,0,15,"99,90",10521,3880,858,1235,952,835,824,11
52688V625649,E6 Lodalen Helsfyr mot Sentrum,EV6 HP 51 Meter 4018,2019-01-22T00:00+01:00,2019-01-23T00:00+01:00,2019-01-22,4,17619,"100,0",24,24,0,66,"99,63",12919,4634,1031,1539,536,1528,1496,32
52688V625649,E6 Lodalen Helsfyr mot Sentrum,EV6 HP 51 Meter 4018,2019-01-22T00:00+01:00,2019-01-23T00:00+01:00,2019-01-22,Totalt i retning Helsfyr,30715,"100,0",24,24,0,132,"99,57",25446,5137,1445,1602,557,1533,1500,33
52688V625649,E6 Lodalen Helsfyr mot Sentrum,EV6 HP 51 Meter 4018,2019-01-22T00:00+01:00,2019-01-23T00:00+01:00,2019-01-22,Totalt i retning Sentrum,15376,"100,0",24,24,0,15,"99,90",11182,4179,923,1332,988,936,918,18
52688V625649,E6 Lodalen Helsfyr mot Sentrum,EV6 HP 51 Meter 4018,2019-01-22T00:00+01:00,2019-01-23T00:00+01:00,2019-01-22,Totalt,46091,"100,0",24,24,0,147,"99,68",36628,9316,2368,2934,1545,2469,2418,51
52688V625649,E6 Lodalen Helsfyr mot Sentrum,EV6 HP 51 Meter 4018,2019-01-23T00:00+01:00,2019-01-24T00:00+01:00,2019-01-23,1,0,"100,0",24,24,0,0,"100,00",0,0,0,0,0,0,0,0
52688V625649,E6 Lodalen Helsfyr mot Sentrum,EV6 HP 51 Meter 4018,2019-01-23T00:00+01:00,2019-01-24T00:00+01:00,2019-01-23,2,14710,"100,0",24,24,0,1,"99,99",13850,859,528,161,53,117,111,6
52688V625649,E6 Lodalen Helsfyr mot Sentrum,EV6 HP 51 Meter 4018,2019-01-23T00:00+01:00,2019-01-24T00:00+01:00,2019-01-23,3,14661,"100,0",24,24,0,22,"99,85",10670,3969,851,1334,953,831,816,15
52688V625649,E6 Lodalen Helsfyr mot Sentrum,EV6 HP 51 Meter 4018,2019-01-23T00:00+01:00,2019-01-24T00:00+01:00,2019-01-23,4,18305,"100,0",24,24,0,0,"100,00",13459,4846,1037,1669,615,1525,1493,32
52688V625649,E6 Lodalen Helsfyr mot Sentrum,EV6 HP 51 Meter 4018,2019-01-23T00:00+01:00,2019-01-24T00:00+01:00,2019-01-23,Totalt i retning Helsfyr,31977,"100,0",24,24,0,1,"100,00",26598,5378,1486,1738,629,1525,1493,32
52688V625649,E6 Lodalen Helsfyr mot Sentrum,EV6 HP 51 Meter 4018,2019-01-23T00:00+01:00,2019-01-24T00:00+01:00,2019-01-23,Totalt i retning Sentrum,15699,"100,0",24,24,0,22,"99,86",11381,4296,930,1426,992,948,927,21
52688V625649,E6 Lodalen Helsfyr mot Sentrum,EV6 HP 51 Meter 4018,2019-01-23T00:00+01:00,2019-01-24T00:00+01:00,2019-01-23,Totalt,47676,"100,0",24,24,0,23,"99,95",37979,9674,2416,3164,1621,2473,2420,53
52688V625649,E6 Lodalen Helsfyr mot Sentrum,EV6 HP 51 Meter 4018,2019-01-24T00:00+01:00,2019-01-25T00:00+01:00,2019-01-24,1,0,"100,0",24,24,0,0,"100,00",0,0,0,0,0,0,0,0
52688V625649,E6 Lodalen Helsfyr mot Sentrum,EV6 HP 51 Meter 4018,2019-01-24T00:00+01:00,2019-01-25T00:00+01:00,2019-01-24,2,15326,"100,0",24,24,0,0,"100,00",14388,938,554,195,59,130,119,11
52688V625649,E6 Lodalen Helsfyr mot Sentrum,EV6 HP 51 Meter 4018,2019-01-24T00:00+01:00,2019-01-25T00:00+01:00,2019-01-24,3,14348,"100,0",24,24,0,19,"99,87",10527,3802,825,1247,901,829,818,11
52688V625649,E6 Lodalen Helsfyr mot Sentrum,EV6 HP 51 Meter 4018,2019-01-24T00:00+01:00,2019-01-25T00:00+01:00,2019-01-24,4,18645,"100,0",24,24,0,1,"99,99",14018,4626,991,1521,694,1420,1385,35
52688V625649,E6 Lodalen Helsfyr mot Sentrum,EV6 HP 51 Meter 4018,2019-01-24T00:00+01:00,2019-01-25T00:00+01:00,2019-01-24,Totalt i retning Helsfyr,32268,"100,0",24,24,0,1,"100,00",27083,5184,1468,1584,710,1422,1387,35
52688V625649,E6 Lodalen Helsfyr mot Sentrum,EV6 HP 51 Meter 4018,2019-01-24T00:00+01:00,2019-01-25T00:00+01:00,2019-01-24,Totalt i retning Sentrum,16051,"100,0",24,24,0,19,"99,88",11850,4182,902,1379,944,957,935,22
52688V625649,E6 Lodalen Helsfyr mot Sentrum,EV6 HP 51 Meter 4018,2019-01-24T00:00+01:00,2019-01-25T00:00+01:00,2019-01-24,Totalt,48319,"100,0",24,24,0,20,"99,96",38933,9366,2370,2963,1654,2379,2322,57
52688V625649,E6 Lodalen Helsfyr mot Sentrum,EV6 HP 51 Meter 4018,2019-01-25T00:00+01:00,2019-01-26T00:00+01:00,2019-01-25,1,0,"100,0",24,24,0,0,"100,00",0,0,0,0,0,0,0,0
52688V625649,E6 Lodalen Helsfyr mot Sentrum,EV6 HP 51 Meter 4018,2019-01-25T00:00+01:00,2019-01-26T00:00+01:00,2019-01-25,2,14543,"100,0",24,24,0,1,"99,99",13633,909,543,196,57,113,105,8
52688V625649,E6 Lodalen Helsfyr mot Sentrum,EV6 HP 51 Meter 4018,2019-01-25T00:00+01:00,2019-01-26T00:00+01:00,2019-01-25,3,13714,"100,0",24,24,0,10,"99,93",10291,3413,779,1158,833,643,630,13
52688V625649,E6 Lodalen Helsfyr mot Sentrum,EV6 HP 51 Meter 4018,2019-01-25T00:00+01:00,2019-01-26T00:00+01:00,2019-01-25,4,18081,"100,0",24,24,0,1,"99,99",13853,4227,924,1511,641,1151,1121,30
52688V625649,E6 Lodalen Helsfyr mot Sentrum,EV6 HP 51 Meter 4018,2019-01-25T00:00+01:00,2019-01-26T00:00+01:00,2019-01-25,Totalt i retning Helsfyr,30762,"100,0",24,24,0,2,"99,99",26011,4749,1366,1573,656,1154,1124,30
52688V625649,E6 Lodalen Helsfyr mot Sentrum,EV6 HP 51 Meter 4018,2019-01-25T00:00+01:00,2019-01-26T00:00+01:00,2019-01-25,Totalt i retning Sentrum,15576,"100,0",24,24,0,10,"99,94",11766,3800,880,1292,875,753,732,21
52688V625649,E6 Lodalen Helsfyr mot Sentrum,EV6 HP 51 Meter 4018,2019-01-25T00:00+01:00,2019-01-26T00:00+01:00,2019-01-25,Totalt,46338,"100,0",24,24,0,12,"99,97",37777,8549,2246,2865,1531,1907,1856,51
52688V625649,E6 Lodalen Helsfyr mot Sentrum,EV6 HP 51 Meter 4018,2019-01-26T00:00+01:00,2019-01-27T00:00+01:00,2019-01-26,1,0,"100,0",24,24,0,0,"100,00",0,0,0,0,0,0,0,0
52688V625649,E6 Lodalen Helsfyr mot Sentrum,EV6 HP 51 Meter 4018,2019-01-26T00:00+01:00,2019-01-27T00:00+01:00,2019-01-26,2,7804,"100,0",24,24,0,0,"100,00",7379,425,167,127,61,70,67,3
52688V625649,E6 Lodalen Helsfyr mot Sentrum,EV6 HP 51 Meter 4018,2019-01-26T00:00+01:00,2019-01-27T00:00+01:00,2019-01-26,3,8242,"100,0",24,24,0,5,"99,94",7582,655,168,261,143,83,82,1
52688V625649,E6 Lodalen Helsfyr mot Sentrum,EV6 HP 51 Meter 4018,2019-01-26T00:00+01:00,2019-01-27T00:00+01:00,2019-01-26,4,13012,"100,0",24,24,0,3,"99,98",11857,1152,284,443,181,244,233,11
52688V625649,E6 Lodalen Helsfyr mot Sentrum,EV6 HP 51 Meter 4018,2019-01-26T00:00+01:00,2019-01-27T00:00+01:00,2019-01-26,Totalt i retning Helsfyr,16877,"100,0",24,24,0,2,"99,99",15642,1233,341,464,184,244,233,11
52688V625649,E6 Lodalen Helsfyr mot Sentrum,EV6 HP 51 Meter 4018,2019-01-26T00:00+01:00,2019-01-27T00:00+01:00,2019-01-26,Totalt i retning Sentrum,12181,"100,0",24,24,0,6,"99,95",11176,999,278,367,201,153,149,4
52688V625649,E6 Lodalen Helsfyr mot Sentrum,EV6 HP 51 Meter 4018,2019-01-26T00:00+01:00,2019-01-27T00:00+01:00,2019-01-26,Totalt,29058,"100,0",24,24,0,8,"99,97",26818,2232,619,831,385,397,382,15
52688V625649,E6 Lodalen Helsfyr mot Sentrum,EV6 HP 51 Meter 4018,2019-01-27T00:00+01:00,2019-01-28T00:00+01:00,2019-01-27,1,0,"100,0",24,24,0,0,"100,00",0,0,0,0,0,0,0,0
52688V625649,E6 Lodalen Helsfyr mot Sentrum,EV6 HP 51 Meter 4018,2019-01-27T00:00+01:00,2019-01-28T00:00+01:00,2019-01-27,2,5497,"100,0",24,24,0,0,"100,00",5258,239,98,41,57,43,43,0
52688V625649,E6 Lodalen Helsfyr mot Sentrum,EV6 HP 51 Meter 4018,2019-01-27T00:00+01:00,2019-01-28T00:00+01:00,2019-01-27,3,9148,"100,0",24,24,0,3,"99,97",8360,785,146,243,229,167,166,1
52688V625649,E6 Lodalen Helsfyr mot Sentrum,EV6 HP 51 Meter 4018,2019-01-27T00:00+01:00,2019-01-28T00:00+01:00,2019-01-27,4,11903,"100,0",24,24,0,3,"99,97",10914,986,212,310,199,265,256,9
52688V625649,E6 Lodalen Helsfyr mot Sentrum,EV6 HP 51 Meter 4018,2019-01-27T00:00+01:00,2019-01-28T00:00+01:00,2019-01-27,Totalt i retning Helsfyr,15624,"100,0",24,24,0,3,"99,98",14560,1061,262,325,208,266,257,9
52688V625649,E6 Lodalen Helsfyr mot Sentrum,EV6 HP 51 Meter 4018,2019-01-27T00:00+01:00,2019-01-28T00:00+01:00,2019-01-27,Totalt i retning Sentrum,10924,"100,0",24,24,0,3,"99,97",9972,949,194,269,277,209,208,1
52688V625649,E6 Lodalen Helsfyr mot Sentrum,EV6 HP 51 Meter 4018,2019-01-27T00:00+01:00,2019-01-28T00:00+01:00,2019-01-27,Totalt,26548,"100,0",24,24,0,6,"99,98",24532,2010,456,594,485,475,465,10
52688V625649,E6 Lodalen Helsfyr mot Sentrum,EV6 HP 51 Meter 4018,2019-01-28T00:00+01:00,2019-01-29T00:00+01:00,2019-01-28,1,0,"100,0",24,24,0,0,"100,00",0,0,0,0,0,0,0,0
52688V625649,E6 Lodalen Helsfyr mot Sentrum,EV6 HP 51 Meter 4018,2019-01-28T00:00+01:00,2019-01-29T00:00+01:00,2019-01-28,2,11567,"100,0",24,24,0,0,"100,00",11072,495,416,55,19,5,5,0
52688V625649,E6 Lodalen Helsfyr mot Sentrum,EV6 HP 51 Meter 4018,2019-01-28T00:00+01:00,2019-01-29T00:00+01:00,2019-01-28,3,13986,"100,0",24,24,0,91,"99,35",10157,3738,836,1210,818,874,858,16
52688V625649,E6 Lodalen Helsfyr mot Sentrum,EV6 HP 51 Meter 4018,2019-01-28T00:00+01:00,2019-01-29T00:00+01:00,2019-01-28,4,16944,"100,0",24,24,0,3,"99,98",12700,4241,950,1464,507,1320,1292,28
52688V625649,E6 Lodalen Helsfyr mot Sentrum,EV6 HP 51 Meter 4018,2019-01-28T00:00+01:00,2019-01-29T00:00+01:00,2019-01-28,Totalt i retning Helsfyr,28511,"100,0",24,24,0,3,"99,99",23772,4736,1366,1519,526,1325,1297,28
52688V625649,E6 Lodalen Helsfyr mot Sentrum,EV6 HP 51 Meter 4018,2019-01-28T00:00+01:00,2019-01-29T00:00+01:00,2019-01-28,Totalt i retning Sentrum,13986,"100,0",24,24,0,91,"99,35",10157,3738,836,1210,818,874,858,16
52688V625649,E6 Lodalen Helsfyr mot Sentrum,EV6 HP 51 Meter 4018,2019-01-28T00:00+01:00,2019-01-29T00:00+01:00,2019-01-28,Totalt,42497,"100,0",24,24,0,94,"99,78",33929,8474,2202,2729,1344,2199,2155,44
52688V625649,E6 Lodalen Helsfyr mot Sentrum,EV6 HP 51 Meter 4018,2019-01-29T00:00+01:00,2019-01-30T00:00+01:00,2019-01-29,1,0,"100,0",24,24,0,0,"100,00",0,0,0,0,0,0,0,0
52688V625649,E6 Lodalen Helsfyr mot Sentrum,EV6 HP 51 Meter 4018,2019-01-29T00:00+01:00,2019-01-30T00:00+01:00,2019-01-29,2,13749,"100,0",24,24,0,3,"99,98",13043,703,502,100,47,54,53,1
52688V625649,E6 Lodalen Helsfyr mot Sentrum,EV6 HP 51 Meter 4018,2019-01-29T00:00+01:00,2019-01-30T00:00+01:00,2019-01-29,3,14204,"100,0",24,24,0,36,"99,75",10208,3960,827,1239,948,946,930,16
52688V625649,E6 Lodalen Helsfyr mot Sentrum,EV6 HP 51 Meter 4018,2019-01-29T00:00+01:00,2019-01-30T00:00+01:00,2019-01-29,4,17976,"100,0",24,24,0,1,"99,99",13288,4687,968,1576,599,1544,1518,26
52688V625649,E6 Lodalen Helsfyr mot Sentrum,EV6 HP 51 Meter 4018,2019-01-29T00:00+01:00,2019-01-30T00:00+01:00,2019-01-29,Totalt i retning Helsfyr,30822,"100,0",24,24,0,4,"99,99",25593,5225,1432,1624,621,1548,1522,26
52688V625649,E6 Lodalen Helsfyr mot Sentrum,EV6 HP 51 Meter 4018,2019-01-29T00:00+01:00,2019-01-30T00:00+01:00,2019-01-29,Totalt i retning Sentrum,15107,"100,0",24,24,0,36,"99,76",10946,4125,865,1291,973,996,979,17
52688V625649,E6 Lodalen Helsfyr mot Sentrum,EV6 HP 51 Meter 4018,2019-01-29T00:00+01:00,2019-01-30T00:00+01:00,2019-01-29,Totalt,45929,"100,0",24,24,0,40,"99,91",36539,9350,2297,2915,1594,2544,2501,43
52688V625649,E6 Lodalen Helsfyr mot Sentrum,EV6 HP 51 Meter 4018,2019-01-30T00:00+01:00,2019-01-31T00:00+01:00,2019-01-30,1,0,"100,0",24,24,0,0,"100,00",0,0,0,0,0,0,0,0
52688V625649,E6 Lodalen Helsfyr mot Sentrum,EV6 HP 51 Meter 4018,2019-01-30T00:00+01:00,2019-01-31T00:00+01:00,2019-01-30,2,14021,"100,0",24,24,0,6,"99,96",13064,951,554,189,73,135,128,7
52688V625649,E6 Lodalen Helsfyr mot Sentrum,EV6 HP 51 Meter 4018,2019-01-30T00:00+01:00,2019-01-31T00:00+01:00,2019-01-30,3,14102,"100,0",24,24,0,10,"99,93",10210,3882,860,1269,868,885,873,12
52688V625649,E6 Lodalen Helsfyr mot Sentrum,EV6 HP 51 Meter 4018,2019-01-30T00:00+01:00,2019-01-31T00:00+01:00,2019-01-30,4,18160,"100,0",24,24,0,5,"99,97",13507,4648,1057,1608,605,1378,1349,29
52688V625649,E6 Lodalen Helsfyr mot Sentrum,EV6 HP 51 Meter 4018,2019-01-30T00:00+01:00,2019-01-31T00:00+01:00,2019-01-30,Totalt i retning Helsfyr,30484,"100,0",24,24,0,11,"99,96",25357,5116,1466,1650,619,1381,1352,29
52688V625649,E6 Lodalen Helsfyr mot Sentrum,EV6 HP 51 Meter 4018,2019-01-30T00:00+01:00,2019-01-31T00:00+01:00,2019-01-30,Totalt i retning Sentrum,15799,"100,0",24,24,0,10,"99,94",11424,4365,1005,1416,927,1017,998,19
52688V625649,E6 Lodalen Helsfyr mot Sentrum,EV6 HP 51 Meter 4018,2019-01-30T00:00+01:00,2019-01-31T00:00+01:00,2019-01-30,Totalt,46283,"100,0",24,24,0,21,"99,95",36781,9481,2471,3066,1546,2398,2350,48
52688V625649,E6 Lodalen Helsfyr mot Sentrum,EV6 HP 51 Meter 4018,2019-01-31T00:00+01:00,2019-02-01T00:00+01:00,2019-01-31,1,0,"100,0",24,24,0,0,"100,00",0,0,0,0,0,0,0,0
52688V625649,E6 Lodalen Helsfyr mot Sentrum,EV6 HP 51 Meter 4018,2019-01-31T00:00+01:00,2019-02-01T00:00+01:00,2019-01-31,2,15019,"100,0",24,24,0,10,"99,93",13992,1017,576,232,70,139,132,7
52688V625649,E6 Lodalen Helsfyr mot Sentrum,EV6 HP 51 Meter 4018,2019-01-31T00:00+01:00,2019-02-01T00:00+01:00,2019-01-31,3,14221,"100,0",24,24,0,19,"99,87",10273,3929,867,1304,870,888,880,8
52688V625649,E6 Lodalen Helsfyr mot Sentrum,EV6 HP 51 Meter 4018,2019-01-31T00:00+01:00,2019-02-01T00:00+01:00,2019-01-31,4,18263,"100,0",24,24,0,13,"99,93",13400,4850,1073,1723,648,1406,1374,32
52688V625649,E6 Lodalen Helsfyr mot Sentrum,EV6 HP 51 Meter 4018,2019-01-31T00:00+01:00,2019-02-01T00:00+01:00,2019-01-31,Totalt i retning Helsfyr,31483,"100,0",24,24,0,25,"99,92",26054,5404,1540,1782,667,1415,1383,32
52688V625649,E6 Lodalen Helsfyr mot Sentrum,EV6 HP 51 Meter 4018,2019-01-31T00:00+01:00,2019-02-01T00:00+01:00,2019-01-31,Totalt i retning Sentrum,16020,"100,0",24,24,0,17,"99,89",11611,4392,976,1477,921,1018,1003,15
52688V625649,E6 Lodalen Helsfyr mot Sentrum,EV6 HP 51 Meter 4018,2019-01-31T00:00+01:00,2019-02-01T00:00+01:00,2019-01-31,Totalt,47503,"100,0",24,24,0,42,"99,91",37665,9796,2516,3259,1588,2433,2386,47
52688V625649,E6 Lodalen Helsfyr mot Sentrum,EV6 HP 51 Meter 4018,2019-02-01T00:00+01:00,2019-02-02T00:00+01:00,2019-02-01,1,0,"100,0",24,24,0,0,"100,00",0,0,0,0,0,0,0,0
52688V625649,E6 Lodalen Helsfyr mot Sentrum,EV6 HP 51 Meter 4018,2019-02-01T00:00+01:00,2019-02-02T00:00+01:00,2019-02-01,2,13731,"100,0",24,24,0,0,"100,00",12880,851,488,185,50,128,121,7
52688V625649,E6 Lodalen Helsfyr mot Sentrum,EV6 HP 51 Meter 4018,2019-02-01T00:00+01:00,2019-02-02T00:00+01:00,2019-02-01,3,13485,"100,0",24,24,0,20,"99,85",10254,3211,741,1102,686,682,671,11
52688V625649,E6 Lodalen Helsfyr mot Sentrum,EV6 HP 51 Meter 4018,2019-02-01T00:00+01:00,2019-02-02T00:00+01:00,2019-02-01,4,17121,"100,0",24,24,0,3,"99,98",13245,3873,877,1369,503,1124,1101,23
52688V625649,E6 Lodalen Helsfyr mot Sentrum,EV6 HP 51 Meter 4018,2019-02-01T00:00+01:00,2019-02-02T00:00+01:00,2019-02-01,Totalt i retning Helsfyr,29096,"100,0",24,24,0,5,"99,98",24730,4361,1284,1433,515,1129,1106,23
52688V625649,E6 Lodalen Helsfyr mot Sentrum,EV6 HP 51 Meter 4018,2019-02-01T00:00+01:00,2019-02-02T00:00+01:00,2019-02-01,Totalt i retning Sentrum,15241,"100,0",24,24,0,18,"99,88",11649,3574,822,1223,724,805,787,18
52688V625649,E6 Lodalen Helsfyr mot Sentrum,EV6 HP 51 Meter 4018,2019-02-01T00:00+01:00,2019-02-02T00:00+01:00,2019-02-01,Totalt,44337,"100,0",24,24,0,23,"99,95",36379,7935,2106,2656,1239,1934,1893,41
52688V625649,E6 Lodalen Helsfyr mot Sentrum,EV6 HP 51 Meter 4018,2019-02-02T00:00+01:00,2019-02-03T00:00+01:00,2019-02-02,1,0,"100,0",24,24,0,0,"100,00",0,0,0,0,0,0,0,0
52688V625649,E6 Lodalen Helsfyr mot Sentrum,EV6 HP 51 Meter 4018,2019-02-02T00:00+01:00,2019-02-03T00:00+01:00,2019-02-02,2,7464,"100,0",24,24,0,0,"100,00",6983,481,194,151,67,69,67,2
52688V625649,E6 Lodalen Helsfyr mot Sentrum,EV6 HP 51 Meter 4018,2019-02-02T00:00+01:00,2019-02-03T00:00+01:00,2019-02-02,3,7833,"100,0",24,24,0,6,"99,92",7169,658,182,274,126,76,74,2
52688V625649,E6 Lodalen Helsfyr mot Sentrum,EV6 HP 51 Meter 4018,2019-02-02T00:00+01:00,2019-02-03T00:00+01:00,2019-02-02,4,12053,"100,0",24,24,0,1,"99,99",10907,1145,309,423,186,227,216,11
52688V625649,E6 Lodalen Helsfyr mot Sentrum,EV6 HP 51 Meter 4018,2019-02-02T00:00+01:00,2019-02-03T00:00+01:00,2019-02-02,Totalt i retning Helsfyr,15741,"100,0",24,24,0,1,"99,99",14508,1232,373,441,191,227,216,11
52688V625649,E6 Lodalen Helsfyr mot Sentrum,EV6 HP 51 Meter 4018,2019-02-02T00:00+01:00,2019-02-03T00:00+01:00,2019-02-02,Totalt i retning Sentrum,11609,"100,0",24,24,0,6,"99,95",10551,1052,312,407,188,145,141,4
52688V625649,E6 Lodalen Helsfyr mot Sentrum,EV6 HP 51 Meter 4018,2019-02-02T00:00+01:00,2019-02-03T00:00+01:00,2019-02-02,Totalt,27350,"100,0",24,24,0,7,"99,97",25059,2284,685,848,379,372,357,15
52688V625649,E6 Lodalen Helsfyr mot Sentrum,EV6 HP 51 Meter 4018,2019-02-03T00:00+01:00,2019-02-04T00:00+01:00,2019-02-03,1,0,"100,0",24,24,0,0,"100,00",0,0,0,0,0,0,0,0
52688V625649,E6 Lodalen Helsfyr mot Sentrum,EV6 HP 51 Meter 4018,2019-02-03T00:00+01:00,2019-02-04T00:00+01:00,2019-02-03,2,6032,"100,0",24,24,0,0,"100,00",5823,209,97,25,50,37,37,0
52688V625649,E6 Lodalen Helsfyr mot Sentrum,EV6 HP 51 Meter 4018,2019-02-03T00:00+01:00,2019-02-04T00:00+01:00,2019-02-03,3,9785,"100,0",24,24,0,4,"99,96",8990,791,144,241,246,160,159,1
52688V625649,E6 Lodalen Helsfyr mot Sentrum,EV6 HP 51 Meter 4018,2019-02-03T00:00+01:00,2019-02-04T00:00+01:00,2019-02-03,4,12209,"100,0",24,24,0,0,"100,00",11179,1030,249,269,203,309,298,11
52688V625649,E6 Lodalen Helsfyr mot Sentrum,EV6 HP 51 Meter 4018,2019-02-03T00:00+01:00,2019-02-04T00:00+01:00,2019-02-03,Totalt i retning Helsfyr,16297,"100,0",24,24,0,0,"100,00",15208,1089,294,281,205,309,298,11
52688V625649,E6 Lodalen Helsfyr mot Sentrum,EV6 HP 51 Meter 4018,2019-02-03T00:00+01:00,2019-02-04T00:00+01:00,2019-02-03,Totalt i retning Sentrum,11729,"100,0",24,24,0,4,"99,97",10784,941,196,254,294,197,196,1
52688V625649,E6 Lodalen Helsfyr mot Sentrum,EV6 HP 51 Meter 4018,2019-02-03T00:00+01:00,2019-02-04T00:00+01:00,2019-02-03,Totalt,28026,"100,0",24,24,0,4,"99,99",25992,2030,490,535,499,506,494,12
52688V625649,E6 Lodalen Helsfyr mot Sentrum,EV6 HP 51 Meter 4018,2019-02-04T00:00+01:00,2019-02-05T00:00+01:00,2019-02-04,1,0,"100,0",24,24,0,0,"100,00",0,0,0,0,0,0,0,0
52688V625649,E6 Lodalen Helsfyr mot Sentrum,EV6 HP 51 Meter 4018,2019-02-04T00:00+01:00,2019-02-05T00:00+01:00,2019-02-04,2,12917,"100,0",24,24,0,39,"99,70",12185,693,468,95,64,66,63,3
52688V625649,E6 Lodalen Helsfyr mot Sentrum,EV6 HP 51 Meter 4018,2019-02-04T00:00+01:00,2019-02-05T00:00+01:00,2019-02-04,3,13372,"100,0",24,24,0,17,"99,87",9498,3857,873,1211,924,849,842,7
52688V625649,E6 Lodalen Helsfyr mot Sentrum,EV6 HP 51 Meter 4018,2019-02-04T00:00+01:00,2019-02-05T00:00+01:00,2019-02-04,4,16754,"100,0",24,24,0,70,"99,58",12111,4573,973,1527,673,1400,1381,19
52688V625649,E6 Lodalen Helsfyr mot Sentrum,EV6 HP 51 Meter 4018,2019-02-04T00:00+01:00,2019-02-05T00:00+01:00,2019-02-04,Totalt i retning Helsfyr,28842,"100,0",24,24,0,108,"99,63",23621,5113,1401,1578,715,1419,1398,21
52688V625649,E6 Lodalen Helsfyr mot Sentrum,EV6 HP 51 Meter 4018,2019-02-04T00:00+01:00,2019-02-05T00:00+01:00,2019-02-04,Totalt i retning Sentrum,14201,"100,0",24,24,0,18,"99,87",10173,4010,913,1255,946,896,888,8
52688V625649,E6 Lodalen Helsfyr mot Sentrum,EV6 HP 51 Meter 4018,2019-02-04T00:00+01:00,2019-02-05T00:00+01:00,2019-02-04,Totalt,43043,"100,0",24,24,0,126,"99,71",33794,9123,2314,2833,1661,2315,2286,29
52688V625649,E6 Lodalen Helsfyr mot Sentrum,EV6 HP 51 Meter 4018,2019-02-05T00:00+01:00,2019-02-06T00:00+01:00,2019-02-05,1,0,"100,0",24,24,0,0,"100,00",0,0,0,0,0,0,0,0
52688V625649,E6 Lodalen Helsfyr mot Sentrum,EV6 HP 51 Meter 4018,2019-02-05T00:00+01:00,2019-02-06T00:00+01:00,2019-02-05,2,14477,"100,0",24,24,0,0,"100,00",13514,963,542,213,72,136,130,6
52688V625649,E6 Lodalen Helsfyr mot Sentrum,EV6 HP 51 Meter 4018,2019-02-05T00:00+01:00,2019-02-06T00:00+01:00,2019-02-05,3,13706,"100,0",24,24,0,12,"99,91",9782,3912,866,1270,938,838,825,13
52688V625649,E6 Lodalen Helsfyr mot Sentrum,EV6 HP 51 Meter 4018,2019-02-05T00:00+01:00,2019-02-06T00:00+01:00,2019-02-05,4,17536,"100,0",24,24,0,3,"99,98",12680,4853,1035,1650,665,1503,1477,26
52688V625649,E6 Lodalen Helsfyr mot Sentrum,EV6 HP 51 Meter 4018,2019-02-05T00:00+01:00,2019-02-06T00:00+01:00,2019-02-05,Totalt i retning Helsfyr,30212,"100,0",24,24,0,3,"99,99",24855,5354,1461,1710,678,1505,1479,26
52688V625649,E6 Lodalen Helsfyr mot Sentrum,EV6 HP 51 Meter 4018,2019-02-05T00:00+01:00,2019-02-06T00:00+01:00,2019-02-05,Totalt i retning Sentrum,15507,"100,0",24,24,0,12,"99,92",11121,4374,982,1423,997,972,953,19
52688V625649,E6 Lodalen Helsfyr mot Sentrum,EV6 HP 51 Meter 4018,2019-02-05T00:00+01:00,2019-02-06T00:00+01:00,2019-02-05,Totalt,45719,"100,0",24,24,0,15,"99,97",35976,9728,2443,3133,1675,2477,2432,45
52688V625649,E6 Lodalen Helsfyr mot Sentrum,EV6 HP 51 Meter 4018,2019-02-06T00:00+01:00,2019-02-07T00:00+01:00,2019-02-06,1,0,"100,0",24,24,0,0,"100,00",0,0,0,0,0,0,0,0
52688V625649,E6 Lodalen Helsfyr mot Sentrum,EV6 HP 51 Meter 4018,2019-02-06T00:00+01:00,2019-02-07T00:00+01:00,2019-02-06,2,14022,"100,0",24,24,0,309,"97,80",12595,1118,531,272,116,199,188,11
52688V625649,E6 Lodalen Helsfyr mot Sentrum,EV6 HP 51 Meter 4018,2019-02-06T00:00+01:00,2019-02-07T00:00+01:00,2019-02-06,3,12914,"100,0",24,24,0,16,"99,88",9235,3663,857,1172,847,787,779,8
52688V625649,E6 Lodalen Helsfyr mot Sentrum,EV6 HP 51 Meter 4018,2019-02-06T00:00+01:00,2019-02-07T00:00+01:00,2019-02-06,4,16513,"100,0",24,24,0,273,"98,35",11744,4496,969,1545,603,1379,1352,27
52688V625649,E6 Lodalen Helsfyr mot Sentrum,EV6 HP 51 Meter 4018,2019-02-06T00:00+01:00,2019-02-07T00:00+01:00,2019-02-06,Totalt i retning Helsfyr,28457,"100,0",24,24,0,579,"97,97",22813,5065,1395,1628,643,1399,1371,28
52688V625649,E6 Lodalen Helsfyr mot Sentrum,EV6 HP 51 Meter 4018,2019-02-06T00:00+01:00,2019-02-07T00:00+01:00,2019-02-06,Totalt i retning Sentrum,14992,"100,0",24,24,0,19,"99,87",10761,4212,962,1361,923,966,948,18
52688V625649,E6 Lodalen Helsfyr mot Sentrum,EV6 HP 51 Meter 4018,2019-02-06T00:00+01:00,2019-02-07T00:00+01:00,2019-02-06,Totalt,43449,"100,0",24,24,0,598,"98,62",33574,9277,2357,2989,1566,2365,2319,46
52688V625649,E6 Lodalen Helsfyr mot Sentrum,EV6 HP 51 Meter 4018,2019-02-07T00:00+01:00,2019-02-08T00:00+01:00,2019-02-07,1,0,"100,0",24,24,0,0,"100,00",0,0,0,0,0,0,0,0
52688V625649,E6 Lodalen Helsfyr mot Sentrum,EV6 HP 51 Meter 4018,2019-02-07T00:00+01:00,2019-02-08T00:00+01:00,2019-02-07,2,15134,"100,0",24,24,0,1,"99,99",14101,1032,578,206,85,163,154,9
52688V625649,E6 Lodalen Helsfyr mot Sentrum,EV6 HP 51 Meter 4018,2019-02-07T00:00+01:00,2019-02-08T00:00+01:00,2019-02-07,3,13367,"100,0",24,24,0,14,"99,90",9518,3835,862,1275,903,795,783,12
52688V625649,E6 Lodalen Helsfyr mot Sentrum,EV6 HP 51 Meter 4018,2019-02-07T00:00+01:00,2019-02-08T00:00+01:00,2019-02-07,4,17930,"100,0",24,24,0,1,"99,99",13149,4780,1013,1664,647,1456,1426,30
52688V625649,E6 Lodalen Helsfyr mot Sentrum,EV6 HP 51 Meter 4018,2019-02-07T00:00+01:00,2019-02-08T00:00+01:00,2019-02-07,Totalt i retning Helsfyr,31092,"100,0",24,24,0,4,"99,99",25783,5305,1473,1721,654,1457,1427,30
52688V625649,E6 Lodalen Helsfyr mot Sentrum,EV6 HP 51 Meter 4018,2019-02-07T00:00+01:00,2019-02-08T00:00+01:00,2019-02-07,Totalt i retning Sentrum,15339,"100,0",24,24,0,12,"99,92",10985,4342,980,1424,981,957,936,21
52688V625649,E6 Lodalen Helsfyr mot Sentrum,EV6 HP 51 Meter 4018,2019-02-07T00:00+01:00,2019-02-08T00:00+01:00,2019-02-07,Totalt,46431,"100,0",24,24,0,16,"99,97",36768,9647,2453,3145,1635,2414,2363,51
52688V625649,E6 Lodalen Helsfyr mot Sentrum,EV6 HP 51 Meter 4018,2019-02-08T00:00+01:00,2019-02-09T00:00+01:00,2019-02-08,1,0,"100,0",24,24,0,0,"100,00",0,0,0,0,0,0,0,0
52688V625649,E6 Lodalen Helsfyr mot Sentrum,EV6 HP 51 Meter 4018,2019-02-08T00:00+01:00,2019-02-09T00:00+01:00,2019-02-08,2,14117,"100,0",24,24,0,69,"99,51",13163,885,499,177,92,117,108,9
52688V625649,E6 Lodalen Helsfyr mot Sentrum,EV6 HP 51 Meter 4018,2019-02-08T00:00+01:00,2019-02-09T00:00+01:00,2019-02-08,3,13370,"100,0",24,24,0,16,"99,88",9939,3415,777,1200,833,605,600,5
52688V625649,E6 Lodalen Helsfyr mot Sentrum,EV6 HP 51 Meter 4018,2019-02-08T00:00+01:00,2019-02-09T00:00+01:00,2019-02-08,4,16962,"100,0",24,24,0,63,"99,63",12766,4133,859,1507,622,1145,1123,22
52688V625649,E6 Lodalen Helsfyr mot Sentrum,EV6 HP 51 Meter 4018,2019-02-08T00:00+01:00,2019-02-09T00:00+01:00,2019-02-08,Totalt i retning Helsfyr,29227,"100,0",24,24,0,132,"99,55",24477,4618,1263,1561,644,1150,1127,23
52688V625649,E6 Lodalen Helsfyr mot Sentrum,EV6 HP 51 Meter 4018,2019-02-08T00:00+01:00,2019-02-09T00:00+01:00,2019-02-08,Totalt i retning Sentrum,15222,"100,0",24,24,0,16,"99,89",11391,3815,872,1323,903,717,704,13
52688V625649,E6 Lodalen Helsfyr mot Sentrum,EV6 HP 51 Meter 4018,2019-02-08T00:00+01:00,2019-02-09T00:00+01:00,2019-02-08,Totalt,44449,"100,0",24,24,0,148,"99,67",35868,8433,2135,2884,1547,1867,1831,36
52688V625649,E6 Lodalen Helsfyr mot Sentrum,EV6 HP 51 Meter 4018,2019-02-09T00:00+01:00,2019-02-10T00:00+01:00,2019-02-09,1,0,"100,0",24,24,0,0,"100,00",0,0,0,0,0,0,0,0
52688V625649,E6 Lodalen Helsfyr mot Sentrum,EV6 HP 51 Meter 4018,2019-02-09T00:00+01:00,2019-02-10T00:00+01:00,2019-02-09,2,7529,"100,0",24,24,0,4,"99,95",7116,409,159,105,71,74,71,3
52688V625649,E6 Lodalen Helsfyr mot Sentrum,EV6 HP 51 Meter 4018,2019-02-09T00:00+01:00,2019-02-10T00:00+01:00,2019-02-09,3,8699,"100,0",24,24,0,3,"99,97",7902,794,205,273,214,102,101,1
52688V625649,E6 Lodalen Helsfyr mot Sentrum,EV6 HP 51 Meter 4018,2019-02-09T00:00+01:00,2019-02-10T00:00+01:00,2019-02-09,4,13139,"100,0",24,24,0,0,"100,00",11869,1270,324,440,242,264,253,11
52688V625649,E6 Lodalen Helsfyr mot Sentrum,EV6 HP 51 Meter 4018,2019-02-09T00:00+01:00,2019-02-10T00:00+01:00,2019-02-09,Totalt i retning Helsfyr,17187,"100,0",24,24,0,5,"99,97",15821,1361,392,454,250,265,254,11
52688V625649,E6 Lodalen Helsfyr mot Sentrum,EV6 HP 51 Meter 4018,2019-02-09T00:00+01:00,2019-02-10T00:00+01:00,2019-02-09,Totalt i retning Sentrum,12180,"100,0",24,24,0,2,"99,98",11066,1112,296,364,277,175,171,4
52688V625649,E6 Lodalen Helsfyr mot Sentrum,EV6 HP 51 Meter 4018,2019-02-09T00:00+01:00,2019-02-10T00:00+01:00,2019-02-09,Totalt,29367,"100,0",24,24,0,7,"99,98",26887,2473,688,818,527,440,425,15
52688V625649,E6 Lodalen Helsfyr mot Sentrum,EV6 HP 51 Meter 4018,2019-02-10T00:00+01:00,2019-02-11T00:00+01:00,2019-02-10,1,0,"100,0",24,24,0,0,"100,00",0,0,0,0,0,0,0,0
52688V625649,E6 Lodalen Helsfyr mot Sentrum,EV6 HP 51 Meter 4018,2019-02-10T00:00+01:00,2019-02-11T00:00+01:00,2019-02-10,2,5871,"100,0",24,24,0,2,"99,97",5655,214,93,32,48,41,41,0
52688V625649,E6 Lodalen Helsfyr mot Sentrum,EV6 HP 51 Meter 4018,2019-02-10T00:00+01:00,2019-02-11T00:00+01:00,2019-02-10,3,10145,"100,0",24,24,0,5,"99,95",9328,812,160,250,237,165,162,3
52688V625649,E6 Lodalen Helsfyr mot Sentrum,EV6 HP 51 Meter 4018,2019-02-10T00:00+01:00,2019-02-11T00:00+01:00,2019-02-10,4,11798,"100,0",24,24,0,3,"99,97",11006,789,182,214,170,223,219,4
52688V625649,E6 Lodalen Helsfyr mot Sentrum,EV6 HP 51 Meter 4018,2019-02-10T00:00+01:00,2019-02-11T00:00+01:00,2019-02-10,Totalt i retning Helsfyr,16033,"100,0",24,24,0,4,"99,98",15169,860,235,225,175,225,221,4
52688V625649,E6 Lodalen Helsfyr mot Sentrum,EV6 HP 51 Meter 4018,2019-02-10T00:00+01:00,2019-02-11T00:00+01:00,2019-02-10,Totalt i retning Sentrum,11781,"100,0",24,24,0,6,"99,95",10820,955,200,271,280,204,201,3
52688V625649,E6 Lodalen Helsfyr mot Sentrum,EV6 HP 51 Meter 4018,2019-02-10T00:00+01:00,2019-02-11T00:00+01:00,2019-02-10,Totalt,27814,"100,0",24,24,0,10,"99,96",25989,1815,435,496,455,429,422,7
52688V625649,E6 Lodalen Helsfyr mot Sentrum,EV6 HP 51 Meter 4018,2019-02-11T00:00+01:00,2019-02-12T00:00+01:00,2019-02-11,1,0,"100,0",24,24,0,0,"100,00",0,0,0,0,0,0,0,0
52688V625649,E6 Lodalen Helsfyr mot Sentrum,EV6 HP 51 Meter 4018,2019-02-11T00:00+01:00,2019-02-12T00:00+01:00,2019-02-11,2,13509,"100,0",24,24,0,31,"99,77",12830,648,459,87,57,45,44,1
52688V625649,E6 Lodalen Helsfyr mot Sentrum,EV6 HP 51 Meter 4018,2019-02-11T00:00+01:00,2019-02-12T00:00+01:00,2019-02-11,3,14385,"100,0",24,24,0,15,"99,90",10203,4167,856,1385,1035,891,876,15
52688V625649,E6 Lodalen Helsfyr mot Sentrum,EV6 HP 51 Meter 4018,2019-02-11T00:00+01:00,2019-02-12T00:00+01:00,2019-02-11,4,16954,"100,0",24,24,0,32,"99,81",12483,4439,906,1504,707,1322,1305,17
52688V625649,E6 Lodalen Helsfyr mot Sentrum,EV6 HP 51 Meter 4018,2019-02-11T00:00+01:00,2019-02-12T00:00+01:00,2019-02-11,Totalt i retning Helsfyr,29581,"100,0",24,24,0,60,"99,80",24564,4957,1342,1562,728,1325,1308,17
52688V625649,E6 Lodalen Helsfyr mot Sentrum,EV6 HP 51 Meter 4018,2019-02-11T00:00+01:00,2019-02-12T00:00+01:00,2019-02-11,Totalt i retning Sentrum,15267,"100,0",24,24,0,18,"99,88",10952,4297,879,1414,1071,933,917,16
52688V625649,E6 Lodalen Helsfyr mot Sentrum,EV6 HP 51 Meter 4018,2019-02-11T00:00+01:00,2019-02-12T00:00+01:00,2019-02-11,Totalt,44848,"100,0",24,24,0,78,"99,83",35516,9254,2221,2976,1799,2258,2225,33
52688V625649,E6 Lodalen Helsfyr mot Sentrum,EV6 HP 51 Meter 4018,2019-02-12T00:00+01:00,2019-02-13T00:00+01:00,2019-02-12,1,0,"100,0",24,24,0,0,"100,00",0,0,0,0,0,0,0,0
52688V625649,E6 Lodalen Helsfyr mot Sentrum,EV6 HP 51 Meter 4018,2019-02-12T00:00+01:00,2019-02-13T00:00+01:00,2019-02-12,2,15063,"100,0",24,24,0,4,"99,97",14083,976,557,169,111,139,135,4
52688V625649,E6 Lodalen Helsfyr mot Sentrum,EV6 HP 51 Meter 4018,2019-02-12T00:00+01:00,2019-02-13T00:00+01:00,2019-02-12,3,13689,"100,0",24,24,0,24,"99,82",9687,3978,816,1334,962,866,854,12
52688V625649,E6 Lodalen Helsfyr mot Sentrum,EV6 HP 51 Meter 4018,2019-02-12T00:00+01:00,2019-02-13T00:00+01:00,2019-02-12,4,18157,"100,0",24,24,0,3,"99,98",13150,5004,1033,1698,715,1558,1521,37
52688V625649,E6 Lodalen Helsfyr mot Sentrum,EV6 HP 51 Meter 4018,2019-02-12T00:00+01:00,2019-02-13T00:00+01:00,2019-02-12,Totalt i retning Helsfyr,31553,"100,0",24,24,0,7,"99,98",25994,5552,1500,1759,731,1562,1525,37
52688V625649,E6 Lodalen Helsfyr mot Sentrum,EV6 HP 51 Meter 4018,2019-02-12T00:00+01:00,2019-02-13T00:00+01:00,2019-02-12,Totalt i retning Sentrum,15356,"100,0",24,24,0,24,"99,84",10926,4406,906,1442,1057,1001,985,16
52688V625649,E6 Lodalen Helsfyr mot Sentrum,EV6 HP 51 Meter 4018,2019-02-12T00:00+01:00,2019-02-13T00:00+01:00,2019-02-12,Totalt,46909,"100,0",24,24,0,31,"99,93",36920,9958,2406,3201,1788,2563,2510,53
52688V625649,E6 Lodalen Helsfyr mot Sentrum,EV6 HP 51 Meter 4018,2019-02-13T00:00+01:00,2019-02-14T00:00+01:00,2019-02-13,1,13,"100,0",24,24,0,9,"30,77",4,0,0,0,0,0,0,0
52688V625649,E6 Lodalen Helsfyr mot Sentrum,EV6 HP 51 Meter 4018,2019-02-13T00:00+01:00,2019-02-14T00:00+01:00,2019-02-13,2,15129,"100,0",24,24,0,2,"99,99",14159,968,544,191,94,139,134,5
52688V625649,E6 Lodalen Helsfyr mot Sentrum,EV6 HP 51 Meter 4018,2019-02-13T00:00+01:00,2019-02-14T00:00+01:00,2019-02-13,3,13934,"100,0",24,24,0,19,"99,86",10136,3779,808,1237,938,796,787,9
52688V625649,E6 Lodalen Helsfyr mot Sentrum,EV6 HP 51 Meter 4018,2019-02-13T00:00+01:00,2019-02-14T00:00+01:00,2019-02-13,4,18450,"100,0",24,24,0,2,"99,99",13719,4729,1016,1599,700,1414,1385,29
52688V625649,E6 Lodalen Helsfyr mot Sentrum,EV6 HP 51 Meter 4018,2019-02-13T00:00+01:00,2019-02-14T00:00+01:00,2019-02-13,Totalt i retning Helsfyr,31908,"100,0",24,24,0,5,"99,98",26630,5273,1469,1669,718,1417,1388,29
52688V625649,E6 Lodalen Helsfyr mot Sentrum,EV6 HP 51 Meter 4018,2019-02-13T00:00+01:00,2019-02-14T00:00+01:00,2019-02-13,Totalt i retning Sentrum,15618,"100,0",24,24,0,27,"99,83",11388,4203,899,1358,1014,932,918,14
52688V625649,E6 Lodalen Helsfyr mot Sentrum,EV6 HP 51 Meter 4018,2019-02-13T00:00+01:00,2019-02-14T00:00+01:00,2019-02-13,Totalt,47526,"100,0",24,24,0,32,"99,93",38018,9476,2368,3027,1732,2349,2306,43
52688V625649,E6 Lodalen Helsfyr mot Sentrum,EV6 HP 51 Meter 4018,2019-02-14T00:00+01:00,2019-02-15T00:00+01:00,2019-02-14,1,0,"100,0",24,24,0,0,"100,00",0,0,0,0,0,0,0,0
52688V625649,E6 Lodalen Helsfyr mot Sentrum,EV6 HP 51 Meter 4018,2019-02-14T00:00+01:00,2019-02-15T00:00+01:00,2019-02-14,2,15927,"100,0",24,24,0,3,"99,98",14948,976,554,195,87,140,135,5
52688V625649,E6 Lodalen Helsfyr mot Sentrum,EV6 HP 51 Meter 4018,2019-02-14T00:00+01:00,2019-02-15T00:00+01:00,2019-02-14,3,13582,"100,0",24,24,0,85,"99,37",9967,3530,774,1152,881,723,710,13
52688V625649,E6 Lodalen Helsfyr mot Sentrum,EV6 HP 51 Meter 4018,2019-02-14T00:00+01:00,2019-02-15T00:00+01:00,2019-02-14,4,18722,"100,0",24,24,0,3,"99,98",14011,4708,1021,1646,633,1408,1377,31
52688V625649,E6 Lodalen Helsfyr mot Sentrum,EV6 HP 51 Meter 4018,2019-02-14T00:00+01:00,2019-02-15T00:00+01:00,2019-02-14,Totalt i retning Helsfyr,32790,"100,0",24,24,0,7,"99,98",27504,5279,1497,1723,648,1411,1380,31
52688V625649,E6 Lodalen Helsfyr mot Sentrum,EV6 HP 51 Meter 4018,2019-02-14T00:00+01:00,2019-02-15T00:00+01:00,2019-02-14,Totalt i retning Sentrum,15441,"100,0",24,24,0,84,"99,46",11422,3935,852,1270,953,860,842,18
52688V625649,E6 Lodalen Helsfyr mot Sentrum,EV6 HP 51 Meter 4018,2019-02-14T00:00+01:00,2019-02-15T00:00+01:00,2019-02-14,Totalt,48231,"100,0",24,24,0,91,"99,81",38926,9214,2349,2993,1601,2271,2222,49
52688V625649,E6 Lodalen Helsfyr mot Sentrum,EV6 HP 51 Meter 4018,2019-02-15T00:00+01:00,2019-02-16T00:00+01:00,2019-02-15,1,0,"100,0",24,24,0,0,"100,00",0,0,0,0,0,0,0,0
52688V625649,E6 Lodalen Helsfyr mot Sentrum,EV6 HP 51 Meter 4018,2019-02-15T00:00+01:00,2019-02-16T00:00+01:00,2019-02-15,2,15049,"100,0",24,24,0,0,"100,00",14167,882,507,149,93,133,124,9
52688V625649,E6 Lodalen Helsfyr mot Sentrum,EV6 HP 51 Meter 4018,2019-02-15T00:00+01:00,2019-02-16T00:00+01:00,2019-02-15,3,14401,"100,0",24,24,0,5,"99,97",11079,3317,829,1162,729,597,591,6
52688V625649,E6 Lodalen Helsfyr mot Sentrum,EV6 HP 51 Meter 4018,2019-02-15T00:00+01:00,2019-02-16T00:00+01:00,2019-02-15,4,18051,"100,0",24,24,0,6,"99,97",14006,4039,897,1493,493,1156,1135,21
52688V625649,E6 Lodalen Helsfyr mot Sentrum,EV6 HP 51 Meter 4018,2019-02-15T00:00+01:00,2019-02-16T00:00+01:00,2019-02-15,Totalt i retning Helsfyr,31244,"100,0",24,24,0,6,"99,98",26695,4543,1329,1553,500,1161,1140,21
52688V625649,E6 Lodalen Helsfyr mot Sentrum,EV6 HP 51 Meter 4018,2019-02-15T00:00+01:00,2019-02-16T00:00+01:00,2019-02-15,Totalt i retning Sentrum,16257,"100,0",24,24,0,5,"99,97",12557,3695,904,1251,815,725,710,15
52688V625649,E6 Lodalen Helsfyr mot Sentrum,EV6 HP 51 Meter 4018,2019-02-15T00:00+01:00,2019-02-16T00:00+01:00,2019-02-15,Totalt,47501,"100,0",24,24,0,11,"99,98",39252,8238,2233,2804,1315,1886,1850,36
52688V625649,E6 Lodalen Helsfyr mot Sentrum,EV6 HP 51 Meter 4018,2019-02-16T00:00+01:00,2019-02-17T00:00+01:00,2019-02-16,1,0,"100,0",24,24,0,0,"100,00",0,0,0,0,0,0,0,0
52688V625649,E6 Lodalen Helsfyr mot Sentrum,EV6 HP 51 Meter 4018,2019-02-16T00:00+01:00,2019-02-17T00:00+01:00,2019-02-16,2,8323,"100,0",24,24,0,1,"99,99",7869,453,165,144,83,61,60,1
52688V625649,E6 Lodalen Helsfyr mot Sentrum,EV6 HP 51 Meter 4018,2019-02-16T00:00+01:00,2019-02-17T00:00+01:00,2019-02-16,3,9133,"100,0",24,24,0,2,"99,98",8367,764,197,301,178,88,88,0
52688V625649,E6 Lodalen Helsfyr mot Sentrum,EV6 HP 51 Meter 4018,2019-02-16T00:00+01:00,2019-02-17T00:00+01:00,2019-02-16,4,13582,"100,0",24,24,0,0,"100,00",12295,1287,324,501,219,243,233,10
52688V625649,E6 Lodalen Helsfyr mot Sentrum,EV6 HP 51 Meter 4018,2019-02-16T00:00+01:00,2019-02-17T00:00+01:00,2019-02-16,Totalt i retning Helsfyr,18319,"100,0",24,24,0,1,"99,99",16943,1375,384,522,226,243,233,10
52688V625649,E6 Lodalen Helsfyr mot Sentrum,EV6 HP 51 Meter 4018,2019-02-16T00:00+01:00,2019-02-17T00:00+01:00,2019-02-16,Totalt i retning Sentrum,12719,"100,0",24,24,0,2,"99,98",11588,1129,302,424,254,149,148,1
52688V625649,E6 Lodalen Helsfyr mot Sentrum,EV6 HP 51 Meter 4018,2019-02-16T00:00+01:00,2019-02-17T00:00+01:00,2019-02-16,Totalt,31038,"100,0",24,24,0,3,"99,99",28531,2504,686,946,480,392,381,11
52688V625649,E6 Lodalen Helsfyr mot Sentrum,EV6 HP 51 Meter 4018,2019-02-17T00:00+01:00,2019-02-18T00:00+01:00,2019-02-17,1,0,"100,0",24,24,0,0,"100,00",0,0,0,0,0,0,0,0
52688V625649,E6 Lodalen Helsfyr mot Sentrum,EV6 HP 51 Meter 4018,2019-02-17T00:00+01:00,2019-02-18T00:00+01:00,2019-02-17,2,6802,"100,0",24,24,0,0,"100,00",6498,304,129,61,52,62,62,0
52688V625649,E6 Lodalen Helsfyr mot Sentrum,EV6 HP 51 Meter 4018,2019-02-17T00:00+01:00,2019-02-18T00:00+01:00,2019-02-17,3,8877,"100,0",24,24,0,3,"99,97",8199,675,119,214,191,151,150,1
52688V625649,E6 Lodalen Helsfyr mot Sentrum,EV6 HP 51 Meter 4018,2019-02-17T00:00+01:00,2019-02-18T00:00+01:00,2019-02-17,4,12404,"100,0",24,24,0,2,"99,98",11482,920,186,269,187,278,268,10
52688V625649,E6 Lodalen Helsfyr mot Sentrum,EV6 HP 51 Meter 4018,2019-02-17T00:00+01:00,2019-02-18T00:00+01:00,2019-02-17,Totalt i retning Helsfyr,16348,"100,0",24,24,0,3,"99,98",15341,1004,244,287,195,278,268,10
52688V625649,E6 Lodalen Helsfyr mot Sentrum,EV6 HP 51 Meter 4018,2019-02-17T00:00+01:00,2019-02-18T00:00+01:00,2019-02-17,Totalt i retning Sentrum,11735,"100,0",24,24,0,2,"99,98",10838,895,190,257,235,213,212,1
52688V625649,E6 Lodalen Helsfyr mot Sentrum,EV6 HP 51 Meter 4018,2019-02-17T00:00+01:00,2019-02-18T00:00+01:00,2019-02-17,Totalt,28083,"100,0",24,24,0,5,"99,98",26179,1899,434,544,430,491,480,11
52688V625649,E6 Lodalen Helsfyr mot Sentrum,EV6 HP 51 Meter 4018,2019-02-18T00:00+01:00,2019-02-19T00:00+01:00,2019-02-18,1,0,"100,0",24,24,0,0,"100,00",0,0,0,0,0,0,0,0
52688V625649,E6 Lodalen Helsfyr mot Sentrum,EV6 HP 51 Meter 4018,2019-02-18T00:00+01:00,2019-02-19T00:00+01:00,2019-02-18,2,13164,"100,0",24,24,0,2,"99,98",12405,757,455,142,63,97,91,6
52688V625649,E6 Lodalen Helsfyr mot Sentrum,EV6 HP 51 Meter 4018,2019-02-18T00:00+01:00,2019-02-19T00:00+01:00,2019-02-18,3,14325,"100,0",24,24,0,6,"99,96",10394,3925,855,1306,1004,760,752,8
52688V625649,E6 Lodalen Helsfyr mot Sentrum,EV6 HP 51 Meter 4018,2019-02-18T00:00+01:00,2019-02-19T00:00+01:00,2019-02-18,4,17603,"100,0",24,24,0,1,"99,99",12944,4658,987,1644,606,1421,1402,19
52688V625649,E6 Lodalen Helsfyr mot Sentrum,EV6 HP 51 Meter 4018,2019-02-18T00:00+01:00,2019-02-19T00:00+01:00,2019-02-18,Totalt i retning Helsfyr,29483,"100,0",24,24,0,4,"99,99",24343,5136,1384,1705,623,1424,1405,19
52688V625649,E6 Lodalen Helsfyr mot Sentrum,EV6 HP 51 Meter 4018,2019-02-18T00:00+01:00,2019-02-19T00:00+01:00,2019-02-18,Totalt i retning Sentrum,15609,"100,0",24,24,0,5,"99,97",11400,4204,913,1387,1050,854,840,14
52688V625649,E6 Lodalen Helsfyr mot Sentrum,EV6 HP 51 Meter 4018,2019-02-18T00:00+01:00,2019-02-19T00:00+01:00,2019-02-18,Totalt,45092,"100,0",24,24,0,9,"99,98",35743,9340,2297,3092,1673,2278,2245,33
52688V625649,E6 Lodalen Helsfyr mot Sentrum,EV6 HP 51 Meter 4018,2019-02-19T00:00+01:00,2019-02-20T00:00+01:00,2019-02-19,1,0,"100,0",24,24,0,0,"100,00",0,0,0,0,0,0,0,0
52688V625649,E6 Lodalen Helsfyr mot Sentrum,EV6 HP 51 Meter 4018,2019-02-19T00:00+01:00,2019-02-20T00:00+01:00,2019-02-19,2,13783,"100,0",24,24,0,1,"99,99",12856,926,500,212,73,141,135,6
52688V625649,E6 Lodalen Helsfyr mot Sentrum,EV6 HP 51 Meter 4018,2019-02-19T00:00+01:00,2019-02-20T00:00+01:00,2019-02-19,3,15150,"100,0",24,24,0,12,"99,92",11199,3939,827,1281,997,834,828,6
52688V625649,E6 Lodalen Helsfyr mot Sentrum,EV6 HP 51 Meter 4018,2019-02-19T00:00+01:00,2019-02-20T00:00+01:00,2019-02-19,4,17256,"100,0",24,24,0,2,"99,99",12670,4584,886,1622,530,1546,1513,33
52688V625649,E6 Lodalen Helsfyr mot Sentrum,EV6 HP 51 Meter 4018,2019-02-19T00:00+01:00,2019-02-20T00:00+01:00,2019-02-19,Totalt i retning Helsfyr,30421,"100,0",24,24,0,3,"99,99",25140,5278,1345,1768,568,1597,1564,33
52688V625649,E6 Lodalen Helsfyr mot Sentrum,EV6 HP 51 Meter 4018,2019-02-19T00:00+01:00,2019-02-20T00:00+01:00,2019-02-19,Totalt i retning Sentrum,15768,"100,0",24,24,0,12,"99,92",11585,4171,868,1347,1032,924,912,12
52688V625649,E6 Lodalen Helsfyr mot Sentrum,EV6 HP 51 Meter 4018,2019-02-19T00:00+01:00,2019-02-20T00:00+01:00,2019-02-19,Totalt,46189,"100,0",24,24,0,15,"99,97",36725,9449,2213,3115,1600,2521,2476,45
52688V625649,E6 Lodalen Helsfyr mot Sentrum,EV6 HP 51 Meter 4018,2019-02-20T00:00+01:00,2019-02-21T00:00+01:00,2019-02-20,1,0,"100,0",24,24,0,0,"100,00",0,0,0,0,0,0,0,0
52688V625649,E6 Lodalen Helsfyr mot Sentrum,EV6 HP 51 Meter 4018,2019-02-20T00:00+01:00,2019-02-21T00:00+01:00,2019-02-20,2,13712,"100,0",24,24,0,0,"100,00",13070,642,466,101,28,47,46,1
52688V625649,E6 Lodalen Helsfyr mot Sentrum,EV6 HP 51 Meter 4018,2019-02-20T00:00+01:00,2019-02-21T00:00+01:00,2019-02-20,3,15376,"100,0",24,24,0,7,"99,95",11389,3980,824,1295,1038,823,817,6
52688V625649,E6 Lodalen Helsfyr mot Sentrum,EV6 HP 51 Meter 4018,2019-02-20T00:00+01:00,2019-02-21T00:00+01:00,2019-02-20,4,18449,"100,0",24,24,0,1,"99,99",13828,4620,980,1564,641,1435,1409,26
52688V625649,E6 Lodalen Helsfyr mot Sentrum,EV6 HP 51 Meter 4018,2019-02-20T00:00+01:00,2019-02-21T00:00+01:00,2019-02-20,Totalt i retning Helsfyr,31301,"100,0",24,24,0,1,"100,00",26169,5131,1412,1625,652,1442,1416,26
52688V625649,E6 Lodalen Helsfyr mot Sentrum,EV6 HP 51 Meter 4018,2019-02-20T00:00+01:00,2019-02-21T00:00+01:00,2019-02-20,Totalt i retning Sentrum,16236,"100,0",24,24,0,7,"99,96",12118,4111,858,1335,1055,863,856,7
52688V625649,E6 Lodalen Helsfyr mot Sentrum,EV6 HP 51 Meter 4018,2019-02-20T00:00+01:00,2019-02-21T00:00+01:00,2019-02-20,Totalt,47537,"100,0",24,24,0,8,"99,98",38287,9242,2270,2960,1707,2305,2272,33
52688V625649,E6 Lodalen Helsfyr mot Sentrum,EV6 HP 51 Meter 4018,2019-02-21T00:00+01:00,2019-02-22T00:00+01:00,2019-02-21,1,0,"100,0",24,24,0,0,"100,00",0,0,0,0,0,0,0,0
52688V625649,E6 Lodalen Helsfyr mot Sentrum,EV6 HP 51 Meter 4018,2019-02-21T00:00+01:00,2019-02-22T00:00+01:00,2019-02-21,2,13947,"100,0",24,24,0,0,"100,00",13034,913,528,182,68,135,131,4
52688V625649,E6 Lodalen Helsfyr mot Sentrum,EV6 HP 51 Meter 4018,2019-02-21T00:00+01:00,2019-02-22T00:00+01:00,2019-02-21,3,13902,"100,0",24,24,0,11,"99,92",10390,3501,808,1138,844,711,706,5
52688V625649,E6 Lodalen Helsfyr mot Sentrum,EV6 HP 51 Meter 4018,2019-02-21T00:00+01:00,2019-02-22T00:00+01:00,2019-02-21,4,17648,"100,0",24,24,0,2,"99,99",13253,4393,1019,1474,503,1397,1365,32
52688V625649,E6 Lodalen Helsfyr mot Sentrum,EV6 HP 51 Meter 4018,2019-02-21T00:00+01:00,2019-02-22T00:00+01:00,2019-02-21,Totalt i retning Helsfyr,29674,"100,0",24,24,0,3,"99,99",24779,4892,1448,1527,516,1401,1369,32
52688V625649,E6 Lodalen Helsfyr mot Sentrum,EV6 HP 51 Meter 4018,2019-02-21T00:00+01:00,2019-02-22T00:00+01:00,2019-02-21,Totalt i retning Sentrum,15823,"100,0",24,24,0,10,"99,94",11898,3915,907,1267,899,842,833,9
52688V625649,E6 Lodalen Helsfyr mot Sentrum,EV6 HP 51 Meter 4018,2019-02-21T00:00+01:00,2019-02-22T00:00+01:00,2019-02-21,Totalt,45497,"100,0",24,24,0,13,"99,97",36677,8807,2355,2794,1415,2243,2202,41
52688V625649,E6 Lodalen Helsfyr mot Sentrum,EV6 HP 51 Meter 4018,2019-02-22T00:00+01:00,2019-02-23T00:00+01:00,2019-02-22,1,0,"100,0",24,24,0,0,"100,00",0,0,0,0,0,0,0,0
52688V625649,E6 Lodalen Helsfyr mot Sentrum,EV6 HP 51 Meter 4018,2019-02-22T00:00+01:00,2019-02-23T00:00+01:00,2019-02-22,2,12495,"100,0",24,24,0,0,"100,00",11714,781,448,145,50,138,132,6
52688V625649,E6 Lodalen Helsfyr mot Sentrum,EV6 HP 51 Meter 4018,2019-02-22T00:00+01:00,2019-02-23T00:00+01:00,2019-02-22,3,13841,"100,0",24,24,0,13,"99,91",10474,3354,849,1212,729,564,560,4
52688V625649,E6 Lodalen Helsfyr mot Sentrum,EV6 HP 51 Meter 4018,2019-02-22T00:00+01:00,2019-02-23T00:00+01:00,2019-02-22,4,16999,"100,0",24,24,0,1,"99,99",12986,4012,934,1528,394,1156,1133,23
52688V625649,E6 Lodalen Helsfyr mot Sentrum,EV6 HP 51 Meter 4018,2019-02-22T00:00+01:00,2019-02-23T00:00+01:00,2019-02-22,Totalt i retning Helsfyr,27693,"100,0",24,24,0,1,"100,00",23241,4451,1306,1574,410,1161,1138,23
52688V625649,E6 Lodalen Helsfyr mot Sentrum,EV6 HP 51 Meter 4018,2019-02-22T00:00+01:00,2019-02-23T00:00+01:00,2019-02-22,Totalt i retning Sentrum,15642,"100,0",24,24,0,13,"99,92",11933,3696,925,1311,763,697,687,10
52688V625649,E6 Lodalen Helsfyr mot Sentrum,EV6 HP 51 Meter 4018,2019-02-22T00:00+01:00,2019-02-23T00:00+01:00,2019-02-22,Totalt,43335,"100,0",24,24,0,14,"99,97",35174,8147,2231,2885,1173,1858,1825,33
52688V625649,E6 Lodalen Helsfyr mot Sentrum,EV6 HP 51 Meter 4018,2019-02-23T00:00+01:00,2019-02-24T00:00+01:00,2019-02-23,1,0,"100,0",24,24,0,0,"100,00",0,0,0,0,0,0,0,0
52688V625649,E6 Lodalen Helsfyr mot Sentrum,EV6 HP 51 Meter 4018,2019-02-23T00:00+01:00,2019-02-24T00:00+01:00,2019-02-23,2,3916,"100,0",24,24,0,1,"99,97",3570,345,125,111,55,54,53,1
52688V625649,E6 Lodalen Helsfyr mot Sentrum,EV6 HP 51 Meter 4018,2019-02-23T00:00+01:00,2019-02-24T00:00+01:00,2019-02-23,3,11419,"100,0",24,24,0,1,"99,99",10486,932,296,401,163,72,71,1
52688V625649,E6 Lodalen Helsfyr mot Sentrum,EV6 HP 51 Meter 4018,2019-02-23T00:00+01:00,2019-02-24T00:00+01:00,2019-02-23,4,7499,"100,0",24,24,0,3,"99,96",6585,911,259,387,120,145,137,8
52688V625649,E6 Lodalen Helsfyr mot Sentrum,EV6 HP 51 Meter 4018,2019-02-23T00:00+01:00,2019-02-24T00:00+01:00,2019-02-23,Totalt i retning Helsfyr,9894,"100,0",24,24,0,4,"99,96",8922,968,302,400,121,145,137,8
52688V625649,E6 Lodalen Helsfyr mot Sentrum,EV6 HP 51 Meter 4018,2019-02-23T00:00+01:00,2019-02-24T00:00+01:00,2019-02-23,Totalt i retning Sentrum,12940,"100,0",24,24,0,1,"99,99",11719,1220,378,499,217,126,124,2
52688V625649,E6 Lodalen Helsfyr mot Sentrum,EV6 HP 51 Meter 4018,2019-02-23T00:00+01:00,2019-02-24T00:00+01:00,2019-02-23,Totalt,22834,"100,0",24,24,0,5,"99,98",20641,2188,680,899,338,271,261,10
52688V625649,E6 Lodalen Helsfyr mot Sentrum,EV6 HP 51 Meter 4018,2019-02-24T00:00+01:00,2019-02-25T00:00+01:00,2019-02-24,1,0,"100,0",24,24,0,0,"100,00",0,0,0,0,0,0,0,0
52688V625649,E6 Lodalen Helsfyr mot Sentrum,EV6 HP 51 Meter 4018,2019-02-24T00:00+01:00,2019-02-25T00:00+01:00,2019-02-24,2,5518,"100,0",24,24,0,0,"100,00",5327,191,76,32,50,33,33,0
52688V625649,E6 Lodalen Helsfyr mot Sentrum,EV6 HP 51 Meter 4018,2019-02-24T00:00+01:00,2019-02-25T00:00+01:00,2019-02-24,3,10848,"100,0",24,24,0,3,"99,97",9947,898,183,321,251,143,143,0
52688V625649,E6 Lodalen Helsfyr mot Sentrum,EV6 HP 51 Meter 4018,2019-02-24T00:00+01:00,2019-02-25T00:00+01:00,2019-02-24,4,12282,"100,0",24,24,0,4,"99,97",11308,970,209,274,219,268,259,9
52688V625649,E6 Lodalen Helsfyr mot Sentrum,EV6 HP 51 Meter 4018,2019-02-24T00:00+01:00,2019-02-25T00:00+01:00,2019-02-24,Totalt i retning Helsfyr,16370,"100,0",24,24,0,4,"99,98",15338,1028,246,291,223,268,259,9
52688V625649,E6 Lodalen Helsfyr mot Sentrum,EV6 HP 51 Meter 4018,2019-02-24T00:00+01:00,2019-02-25T00:00+01:00,2019-02-24,Totalt i retning Sentrum,12278,"100,0",24,24,0,3,"99,98",11244,1031,222,336,297,176,176,0
52688V625649,E6 Lodalen Helsfyr mot Sentrum,EV6 HP 51 Meter 4018,2019-02-24T00:00+01:00,2019-02-25T00:00+01:00,2019-02-24,Totalt,28648,"100,0",24,24,0,7,"99,98",26582,2059,468,627,520,444,435,9
52688V625649,E6 Lodalen Helsfyr mot Sentrum,EV6 HP 51 Meter 4018,2019-02-25T00:00+01:00,2019-02-26T00:00+01:00,2019-02-25,1,0,"100,0",24,24,0,0,"100,00",0,0,0,0,0,0,0,0
52688V625649,E6 Lodalen Helsfyr mot Sentrum,EV6 HP 51 Meter 4018,2019-02-25T00:00+01:00,2019-02-26T00:00+01:00,2019-02-25,2,13002,"100,0",24,24,0,0,"100,00",12475,527,449,50,14,14,14,0
52688V625649,E6 Lodalen Helsfyr mot Sentrum,EV6 HP 51 Meter 4018,2019-02-25T00:00+01:00,2019-02-26T00:00+01:00,2019-02-25,3,15864,"100,0",24,24,0,9,"99,94",11644,4211,913,1344,1079,875,865,10
52688V625649,E6 Lodalen Helsfyr mot Sentrum,EV6 HP 51 Meter 4018,2019-02-25T00:00+01:00,2019-02-26T00:00+01:00,2019-02-25,4,18089,"100,0",24,24,0,1,"99,99",13451,4637,994,1573,610,1460,1438,22
52688V625649,E6 Lodalen Helsfyr mot Sentrum,EV6 HP 51 Meter 4018,2019-02-25T00:00+01:00,2019-02-26T00:00+01:00,2019-02-25,Totalt i retning Helsfyr,30961,"100,0",24,24,0,1,"100,00",25818,5142,1439,1619,619,1465,1443,22
52688V625649,E6 Lodalen Helsfyr mot Sentrum,EV6 HP 51 Meter 4018,2019-02-25T00:00+01:00,2019-02-26T00:00+01:00,2019-02-25,Totalt i retning Sentrum,15994,"100,0",24,24,0,9,"99,94",11752,4233,917,1348,1084,884,874,10
52688V625649,E6 Lodalen Helsfyr mot Sentrum,EV6 HP 51 Meter 4018,2019-02-25T00:00+01:00,2019-02-26T00:00+01:00,2019-02-25,Totalt,46955,"100,0",24,24,0,10,"99,98",37570,9375,2356,2967,1703,2349,2317,32
52688V625649,E6 Lodalen Helsfyr mot Sentrum,EV6 HP 51 Meter 4018,2019-02-26T00:00+01:00,2019-02-27T00:00+01:00,2019-02-26,1,0,"100,0",24,24,0,0,"100,00",0,0,0,0,0,0,0,0
52688V625649,E6 Lodalen Helsfyr mot Sentrum,EV6 HP 51 Meter 4018,2019-02-26T00:00+01:00,2019-02-27T00:00+01:00,2019-02-26,2,14404,"100,0",24,24,0,57,"99,60",13509,838,488,162,57,131,125,6
52688V625649,E6 Lodalen Helsfyr mot Sentrum,EV6 HP 51 Meter 4018,2019-02-26T00:00+01:00,2019-02-27T00:00+01:00,2019-02-26,3,14636,"100,0",24,24,0,29,"99,80",10720,3887,822,1252,996,817,806,11
52688V625649,E6 Lodalen Helsfyr mot Sentrum,EV6 HP 51 Meter 4018,2019-02-26T00:00+01:00,2019-02-27T00:00+01:00,2019-02-26,4,18329,"100,0",24,24,0,69,"99,62",13558,4702,1003,1560,639,1500,1470,30
52688V625649,E6 Lodalen Helsfyr mot Sentrum,EV6 HP 51 Meter 4018,2019-02-26T00:00+01:00,2019-02-27T00:00+01:00,2019-02-26,Totalt i retning Helsfyr,31386,"100,0",24,24,0,128,"99,59",26044,5214,1425,1623,656,1510,1480,30
52688V625649,E6 Lodalen Helsfyr mot Sentrum,EV6 HP 51 Meter 4018,2019-02-26T00:00+01:00,2019-02-27T00:00+01:00,2019-02-26,Totalt i retning Sentrum,15983,"100,0",24,24,0,27,"99,83",11743,4213,888,1351,1036,938,921,17
52688V625649,E6 Lodalen Helsfyr mot Sentrum,EV6 HP 51 Meter 4018,2019-02-26T00:00+01:00,2019-02-27T00:00+01:00,2019-02-26,Totalt,47369,"100,0",24,24,0,155,"99,67",37787,9427,2313,2974,1692,2448,2401,47
52688V625649,E6 Lodalen Helsfyr mot Sentrum,EV6 HP 51 Meter 4018,2019-02-27T00:00+01:00,2019-02-28T00:00+01:00,2019-02-27,1,0,"100,0",24,24,0,0,"100,00",0,0,0,0,0,0,0,0
52688V625649,E6 Lodalen Helsfyr mot Sentrum,EV6 HP 51 Meter 4018,2019-02-27T00:00+01:00,2019-02-28T00:00+01:00,2019-02-27,2,13950,"100,0",24,24,0,212,"98,48",12908,830,439,171,93,127,116,11
52688V625649,E6 Lodalen Helsfyr mot Sentrum,EV6 HP 51 Meter 4018,2019-02-27T00:00+01:00,2019-02-28T00:00+01:00,2019-02-27,3,14983,"100,0",24,24,0,69,"99,54",10990,3924,844,1286,981,813,801,12
52688V625649,E6 Lodalen Helsfyr mot Sentrum,EV6 HP 51 Meter 4018,2019-02-27T00:00+01:00,2019-02-28T00:00+01:00,2019-02-27,4,16837,"100,0",24,24,0,88,"99,48",12634,4115,828,1417,593,1277,1246,31
52688V625649,E6 Lodalen Helsfyr mot Sentrum,EV6 HP 51 Meter 4018,2019-02-27T00:00+01:00,2019-02-28T00:00+01:00,2019-02-27,Totalt i retning Helsfyr,30215,"100,0",24,24,0,299,"99,01",25207,4709,1227,1530,635,1317,1283,34
52688V625649,E6 Lodalen Helsfyr mot Sentrum,EV6 HP 51 Meter 4018,2019-02-27T00:00+01:00,2019-02-28T00:00+01:00,2019-02-27,Totalt i retning Sentrum,15555,"100,0",24,24,0,70,"99,55",11325,4160,884,1344,1032,900,880,20
52688V625649,E6 Lodalen Helsfyr mot Sentrum,EV6 HP 51 Meter 4018,2019-02-27T00:00+01:00,2019-02-28T00:00+01:00,2019-02-27,Totalt,45770,"100,0",24,24,0,369,"99,19",36532,8869,2111,2874,1667,2217,2163,54
52688V625649,E6 Lodalen Helsfyr mot Sentrum,EV6 HP 51 Meter 4018,2019-02-28T00:00+01:00,2019-03-01T00:00+01:00,2019-02-28,1,0,"100,0",24,24,0,0,"100,00",0,0,0,0,0,0,0,0
52688V625649,E6 Lodalen Helsfyr mot Sentrum,EV6 HP 51 Meter 4018,2019-02-28T00:00+01:00,2019-03-01T00:00+01:00,2019-02-28,2,15284,"100,0",24,24,0,0,"100,00",14587,697,517,105,27,48,46,2
52688V625649,E6 Lodalen Helsfyr mot Sentrum,EV6 HP 51 Meter 4018,2019-02-28T00:00+01:00,2019-03-01T00:00+01:00,2019-02-28,3,15267,"100,0",24,24,0,17,"99,89",11174,4076,922,1293,1012,849,838,11
52688V625649,E6 Lodalen Helsfyr mot Sentrum,EV6 HP 51 Meter 4018,2019-02-28T00:00+01:00,2019-03-01T00:00+01:00,2019-02-28,4,19007,"100,0",24,24,0,2,"99,99",14290,4715,1012,1617,665,1421,1386,35
52688V625649,E6 Lodalen Helsfyr mot Sentrum,EV6 HP 51 Meter 4018,2019-02-28T00:00+01:00,2019-03-01T00:00+01:00,2019-02-28,Totalt i retning Helsfyr,33288,"100,0",24,24,0,2,"99,99",27991,5295,1496,1693,682,1424,1389,35
52688V625649,E6 Lodalen Helsfyr mot Sentrum,EV6 HP 51 Meter 4018,2019-02-28T00:00+01:00,2019-03-01T00:00+01:00,2019-02-28,Totalt i retning Sentrum,16270,"100,0",24,24,0,17,"99,90",12060,4193,955,1322,1022,894,881,13
52688V625649,E6 Lodalen Helsfyr mot Sentrum,EV6 HP 51 Meter 4018,2019-02-28T00:00+01:00,2019-03-01T00:00+01:00,2019-02-28,Totalt,49558,"100,0",24,24,0,19,"99,96",40051,9488,2451,3015,1704,2318,2270,48
52688V625649,E6 Lodalen Helsfyr mot Sentrum,EV6 HP 51 Meter 4018,2019-03-01T00:00+01:00,2019-03-02T00:00+01:00,2019-03-01,1,0,"29,2",24,10,3,0,"100,00",0,0,0,0,0,0,0,0
52688V625649,E6 Lodalen Helsfyr mot Sentrum,EV6 HP 51 Meter 4018,2019-03-01T00:00+01:00,2019-03-02T00:00+01:00,2019-03-01,2,3382,"29,2",24,10,3,0,"100,00",3037,345,118,78,43,106,100,6
52688V625649,E6 Lodalen Helsfyr mot Sentrum,EV6 HP 51 Meter 4018,2019-03-01T00:00+01:00,2019-03-02T00:00+01:00,2019-03-01,3,3432,"29,2",24,10,3,13,"99,62",2399,1020,225,396,205,194,189,5
52688V625649,E6 Lodalen Helsfyr mot Sentrum,EV6 HP 51 Meter 4018,2019-03-01T00:00+01:00,2019-03-02T00:00+01:00,2019-03-01,4,4403,"29,2",24,10,3,0,"100,00",3330,1073,191,344,132,406,394,12
52688V625649,E6 Lodalen Helsfyr mot Sentrum,EV6 HP 51 Meter 4018,2019-03-01T00:00+01:00,2019-03-02T00:00+01:00,2019-03-01,Totalt i retning Helsfyr,6961,"29,2",24,10,3,1,"99,99",5815,1145,254,351,134,406,394,12
52688V625649,E6 Lodalen Helsfyr mot Sentrum,EV6 HP 51 Meter 4018,2019-03-01T00:00+01:00,2019-03-02T00:00+01:00,2019-03-01,Totalt i retning Sentrum,4256,"29,2",24,10,3,12,"99,72",2951,1293,280,467,246,300,289,11
52688V625649,E6 Lodalen Helsfyr mot Sentrum,EV6 HP 51 Meter 4018,2019-03-01T00:00+01:00,2019-03-02T00:00+01:00,2019-03-01,Totalt,11217,"29,2",24,10,3,13,"99,88",8766,2438,534,818,380,706,683,23
